round,client_id,steps,mean_loss,token_weighted_mean_loss,min_loss,max_loss,final_loss,final_moving_avg_loss,perplexity,supervised_tokens,mean_step_time,train_time
1,0,60,3.350718171397845,2.0798578405089274,0.316672146320343,7.043889045715332,2.3393630981445312,3.350718171397845,8.003331083947797,1311,0.6647265733530124,39.9059888496995
1,1,60,3.6466033895810446,2.265386983839392,0.30276498198509216,8.12407112121582,2.026611804962158,3.6466033895810446,9.634852411940837,1368,0.6641534473126133,39.87195514142513
2,0,60,1.4007339887320995,1.1816133413072905,0.13974542915821075,3.6979920864105225,0.734529972076416,2.375726080064972,3.259628856855958,1296,0.6620123248547316,39.74525888264179
2,1,60,1.2835073366761207,1.3128055938243435,0.32777878642082214,3.5302212238311768,0.4166690707206726,2.4650553631285828,3.7165863302474316,1103,0.6648129295557738,39.91217416152358
3,0,60,1.2939275504400334,1.2615890698669918,0.10765496641397476,4.036281585693359,0.46748054027557373,2.0151265701899925,3.531028081874808,1089,0.6617393566295504,39.72905854135752
3,1,60,1.513621566692988,1.9213007818258379,0.13617953658103943,4.206984519958496,0.6033093929290771,2.147910764316718,6.829836821249962,1693,0.6657706700265408,39.96898792311549
4,0,60,1.2575734893480937,1.3075595524355856,0.1430775225162506,3.490396499633789,2.2719545364379883,1.8257382999795178,3.6971400172139757,1384,0.659693809474508,39.60587230324745
4,1,60,1.2082882031798363,1.1607896904168724,0.20325203239917755,3.6267051696777344,1.2459564208984375,1.9130051240324975,3.192453330755334,1099,0.66430442823718,39.88174741715193
5,0,60,1.0000078534086545,0.9418636897326547,0.1079510897397995,4.145481586456299,1.672671914100647,1.6605922106653452,2.5647568780197627,1388,0.6614925437296431,39.7125437296927
5,1,60,1.3849804552892844,1.461271316616744,0.14734584093093872,3.7989425659179688,0.7496131062507629,1.8074001902838548,4.311437247464509,1576,0.665462089329958,39.951463136821985
6,0,60,1.1901074334979058,1.217588790385579,0.27354055643081665,2.6271345615386963,1.1844086647033691,1.2284700630853573,3.3790303525222503,1026,0.6624937090401848,39.77841145172715
6,1,60,1.2455328777432442,1.6155353766412877,0.21228238940238953,3.5918338298797607,1.629116177558899,1.3271860879162947,5.030580457913698,1675,0.6665312417472402,40.01559432968497
7,0,60,1.3300811670720578,1.3498097167827825,0.1329660564661026,2.9598159790039062,2.1291568279266357,1.214339498753349,3.8566915971866456,1301,0.6623061292494337,39.76243046298623
7,1,60,1.1176923250158628,1.3708197949300718,0.172651469707489,3.288390636444092,2.279076337814331,1.2940230855842432,3.9385781987833433,1153,0.6625746957336863,39.77533823624253
8,0,60,1.1005205124616624,0.9823473113919458,0.15032805502414703,3.1395130157470703,1.7544132471084595,1.1756580911576748,2.670717896571,1116,0.6625659144793947,39.77943377569318
8,1,60,1.1503983485201994,1.134732939513833,0.10063999891281128,3.245269775390625,0.8624259233474731,1.2213784419496854,3.110342782322809,1519,0.6646282811959584,39.89911435544491
9,0,60,0.9867131963372231,0.8638391935853034,0.1194712221622467,3.245544910430908,0.489001601934433,1.1214860325555007,2.372250763185145,1507,0.6599200428153078,39.619426999241114
9,1,60,1.168983193486929,1.2978062448929197,0.17695027589797974,3.4064934253692627,1.0728578567504883,1.213517440011104,3.6612559522202,1051,0.6635041592021783,39.832938600331545
10,0,60,1.0914352282881736,1.107929428138162,0.17501027882099152,2.910173177719116,0.45304879546165466,1.1397715075314045,3.0280820373919384,1453,0.6630838726957639,39.80888221412897
10,1,60,1.236149105678002,1.092175116929097,0.09464208781719208,3.8858957290649414,1.3766740560531616,1.1837511700888474,2.98075050739819,1230,0.6650135222201546,39.92584291473031
11,0,60,1.2381464858849844,1.4401660868202029,0.18625648319721222,3.608736991882324,2.2249605655670166,1.1493793180088203,4.2213968771606565,1124,0.662388362797598,39.76752137392759
11,1,60,1.088043868665894,1.0454668748532714,0.07853574305772781,3.7244997024536133,1.8765405416488647,1.1522533682733773,2.8447263448593376,1084,0.6642118448391556,39.8764014467597
12,0,60,1.2061437154809633,1.63894276502147,0.13102251291275024,3.4898972511291504,1.4104700088500977,1.1245918276906013,5.149722166775571,1143,0.6622143777708213,39.75865766406059
12,1,60,1.193098416676124,1.7514235001203475,0.15112760663032532,3.8307998180389404,3.8307998180389404,1.1673345866054297,5.762800186802125,2040,0.6644827445348104,39.89023873209953
13,0,60,1.1078012010703484,1.1756480681577317,0.05698365718126297,3.369434356689453,0.21747830510139465,1.1260479654123385,3.2402421613145758,1271,0.6622403691833217,39.759471382945776
13,1,60,1.134088324320813,1.1781087434896413,0.023708466440439224,3.443378448486328,0.36508795619010925,1.1640725817655524,3.248225163029996,1363,0.6658334544549386,39.97356317564845
14,0,60,1.0043147722880046,1.0274872622937887,0.1671253740787506,3.623121976852417,1.3310123682022095,1.129568280602495,2.794036326312645,1453,0.6613943218563993,39.70509980618954
14,1,60,0.9668130218982697,1.2874347700642934,0.08852519094944,3.7891845703125,2.16398024559021,1.1236385474478205,3.623479565318842,1104,0.6649036468937993,39.91792415082455
15,0,60,0.9622585448125999,1.2034675759284286,0.0946640819311142,3.6411707401275635,1.1572147607803345,1.1037329439073802,3.331649664029561,1956,0.6626059244697292,39.78110625222325
15,1,60,1.2822690724084775,1.6331317998591017,0.1233750507235527,3.4794042110443115,1.4880560636520386,1.1328625407939157,5.1198840886474235,1525,0.6652860507989923,39.939774576574564
16,0,60,1.0674697334567707,1.1264318765154755,0.13310299813747406,3.9062297344207764,0.3447384238243103,1.0695975934217374,3.0846304982328716,1293,0.6635467921073238,39.83978631347418
16,1,60,1.0664026270310083,1.2801296755295657,0.1342678815126419,2.973393201828003,0.18761441111564636,1.1285342924669386,3.5971061519717433,1348,0.6643084602430462,39.88348671793938
17,0,60,0.9799792528152466,1.294353390729279,0.033156588673591614,2.844942808151245,0.19751664996147156,1.0243647008885939,3.648635969379733,1205,0.6625384862845143,39.77817214280367
17,1,60,1.260506979872783,1.1974652417674403,0.1615426391363144,3.657395362854004,1.2449934482574463,1.1420160051062702,3.3117118859019317,1156,0.6657546470562618,39.969172310084105
18,0,60,1.0180916829655569,1.1133013023805303,0.07940282672643661,3.2183587551116943,0.8330502510070801,1.0064227972676356,3.0443922823627174,904,0.6625804501896103,39.77928014099598
18,1,60,0.9819917211929957,1.3652941335742623,0.1462247520685196,2.6216044425964355,0.4433799982070923,1.1115966844807068,3.916874967009962,1212,0.6664175597950817,40.00863039121032
19,0,60,1.218657386302948,1.2332377009285165,0.1175370067358017,3.9828803539276123,0.8114638924598694,1.0492913200706244,3.4323244055782647,1051,0.6619876341894269,39.74415443837643
19,1,60,1.0293248848058283,1.4285257172097041,0.025363309308886528,3.774566650390625,0.14457017183303833,1.1240990570622187,4.172543146609621,1779,0.666016990505159,39.98421147093177
20,0,60,1.073031145396332,1.104557358760172,0.04282664135098457,4.130496501922607,1.875911831855774,1.0714458401873708,3.0178883312809783,1596,0.661316102805237,39.702520448714495
20,1,60,1.1971290348097683,1.1476313480415823,0.05747098848223686,4.794238567352295,2.7639427185058594,1.1070710495424767,3.150721102418022,1037,0.6669866704692443,40.041830625385046
21,0,60,0.9617105163633823,1.4971051686094052,0.07398045063018799,3.2091262340545654,0.6498380303382874,1.050293996768693,4.468734096413896,1293,0.6619486445561051,39.73870228603482
21,1,60,0.8904926396906376,1.0265573434516069,0.137989342212677,2.938847541809082,0.20012398064136505,1.0718890520744027,2.7914393069828183,954,0.6649089686572551,39.91739236190915
22,0,60,1.1221353304882844,1.6298574580570504,0.07366688549518585,3.667839765548706,1.8137764930725098,1.0787252123033007,5.103147254166099,1526,0.663374327806135,39.82617159560323
22,1,60,1.1471601763119301,2.022861116303533,0.09138191491365433,3.7934882640838623,1.0231187343597412,1.049219691362232,7.559923841791015,2550,0.6665951403478781,40.018233969807625
23,0,60,1.124969228853782,1.547211707335583,0.17205671966075897,4.811530590057373,0.8978790044784546,1.1001007214809457,4.698351522672946,1496,0.6630685791994134,39.80865241959691
23,1,60,1.1349099521835646,1.2642128414349283,0.04786989092826843,3.3093209266662598,1.380523443222046,1.0798033375603457,3.540304857710042,1347,0.6657305131355922,39.96613288298249
24,0,60,1.2259002759431799,1.697828921298838,0.05553688481450081,4.207719802856445,1.9702811241149902,1.1015492994089922,5.462075912754414,1554,0.6623881937935948,39.767436765134335
24,1,60,1.1582899500926336,1.2409711479640226,0.07023158669471741,3.6414694786071777,0.6771154403686523,1.1055963506177067,3.4589710068146102,1191,0.6629927524675926,39.80136801302433
25,0,60,0.9776196263730526,0.85788990385628,0.14203420281410217,2.9362521171569824,0.8444594740867615,1.0824669956043362,2.358179454733838,1546,0.6603768811250726,39.646103259176016
25,1,60,1.2109292921920618,1.4725937756287946,0.11574900150299072,4.13090705871582,1.890348196029663,1.1083564020941654,4.360530723946577,892,0.6638433473184705,39.85302576050162
26,0,60,0.940754559263587,1.387661003459964,0.04309738427400589,3.2647705078125,0.8407281637191772,1.0782758041843772,4.005470306485108,1425,0.661627175224324,39.71935407817364
26,1,60,0.9358843269447485,1.0104629843237396,0.11740456521511078,2.8755571842193604,1.3555341958999634,1.1174347395449877,2.746872479557476,1002,0.6653508269538482,39.945049315690994
27,0,60,1.2012330712129673,1.5361835749662993,0.06772924214601517,4.071749687194824,0.169962078332901,1.0940953523293138,4.646822138844342,2149,0.6611728640273213,39.69155963137746
27,1,60,1.1602753425637882,1.9220888088021775,0.04727689176797867,3.4338366985321045,1.5396699905395508,1.1200577727953593,6.8352210380845335,1946,0.6581662562365334,39.511452954262495
28,0,60,0.9157022177707403,1.4994980238906501,0.015407276339828968,3.1020123958587646,0.9321051836013794,1.0522419501127054,4.4794399340487905,1854,0.6629966738323371,39.80214085057378
28,1,60,1.1011865397294363,1.2207867538188388,0.16764682531356812,2.9440574645996094,0.3312858045101166,1.1133130903045336,3.3898536650842512,1336,0.6650717648367087,39.92798801138997
29,0,60,0.9436775828401248,1.3778711834118715,0.07468216121196747,4.078151702880859,0.12036505341529846,0.9957974114920944,3.9664487914350244,1956,0.6621403962373733,39.75387518852949
29,1,60,1.0315218513210616,1.1552878612932362,0.048977818340063095,3.615908622741699,0.33120304346084595,1.0879594705502191,3.1749372275322862,1537,0.6658438349763552,39.973472468554974
30,0,60,0.9341812031964462,1.1807873865043441,0.023116782307624817,3.467825174331665,1.7935057878494263,0.9871097268567731,3.2569376623013437,863,0.661679292159776,39.72296001389623
30,1,60,1.0026557488987844,1.336728036963324,0.03552088886499405,2.5158803462982178,2.2812280654907227,1.0463047618915637,3.8065681567509095,1278,0.6651536382734775,39.93311206623912
31,0,60,0.9544014411667983,1.2213371708500158,0.08858558535575867,3.4537904262542725,0.28349626064300537,0.9898391032374153,3.3917200118621187,1158,0.6611910238862038,39.69500282406807
31,1,60,0.9752089014897743,1.8488723852374953,0.11898341029882431,3.3943824768066406,1.236279010772705,1.0541696768005688,6.352652138005073,1268,0.6647533250351747,39.908220037817955
32,0,60,1.053655106574297,1.143427218680726,0.14611022174358368,3.2136449813842773,0.591281533241272,0.9603235103096813,3.1375028683754205,956,0.6621417734151085,39.75329467654228
32,1,60,0.9160146019731958,1.047835382982534,0.01669773831963539,4.086296558380127,2.1720104217529297,1.0053175286824505,2.851472087852684,1236,0.6655307472373049,39.95395190641284
33,0,60,0.9406905790325254,0.7954089567445889,0.012228605337440968,3.9305546283721924,1.4215930700302124,0.9653211825620382,2.215346792588235,1101,0.655342239389817,39.344305612146854
33,1,60,0.966964348529776,1.2093279909007528,0.05174132436513901,3.2878029346466064,0.9356043338775635,0.9784730904425184,3.3512318373892485,1479,0.6655646034826835,39.9560031555593
34,0,60,0.819714084205528,1.2009968197696712,0.04078010842204094,2.5453579425811768,0.4585610032081604,0.9405284828351189,3.3234281309874927,1210,0.657253245698909,39.45712909847498
34,1,60,0.7545563203593095,0.8604393215100099,0.07685806602239609,2.527371406555176,1.2658653259277344,0.923079984250168,2.3641991091125605,924,0.6649551704525948,39.92332203313708
35,0,60,1.0302791935702165,1.1581362291728219,0.09285929054021835,3.2037129402160645,1.0933917760849,0.9597480809098731,3.1839935084377595,977,0.6624539280310273,39.77017245441675
35,1,60,0.9777948897952835,1.1443924970741932,0.05977660045027733,3.677947521209717,2.255429267883301,0.9181078124294678,3.1405328942777,1059,0.6641476865857839,39.87067714706063
36,0,60,0.9696941359589497,1.415459385166253,0.08183351904153824,3.2406110763549805,0.33301278948783875,0.9628066198683033,4.118377953220136,1747,0.662436374090612,39.769682604819536
36,1,60,0.8032409845540921,0.6645829130077001,0.07634284347295761,2.6950275897979736,0.25867289304733276,0.8837142290423313,1.9436796687435205,1188,0.6645792288084825,39.89608367159963
37,0,60,1.0502277471125125,1.4568691365450268,0.15284933149814606,3.153698444366455,0.38285553455352783,0.9621211479759465,4.292499239178194,1265,0.6612145180503527,39.69656393304467
37,1,60,0.867886117597421,1.1376664065700373,0.1096358597278595,2.790515184402466,0.45577797293663025,0.8740885321671764,3.1194802661095773,1174,0.6640054037794471,39.86128821223974
38,0,60,0.7988405638684829,1.005331547370837,0.0786430761218071,2.4229962825775146,2.4229962825775146,0.9337511449431379,2.7328131796668202,1081,0.6611233545467258,39.694093838334084
38,1,60,0.9784397241969903,1.035716637750525,0.08795186877250671,3.9522337913513184,0.9565010070800781,0.8763836073006193,2.8171243700735453,1364,0.6653194044406215,39.941396337002516
39,0,60,0.8376839256534974,0.932656609299573,0.09073487669229507,2.455185890197754,0.40574735403060913,0.9373451132327318,2.5412513299359722,709,0.6606946396330993,39.6645740121603
39,1,60,1.03545243597279,1.1236763760085635,0.03043261170387268,4.219273567199707,1.78653085231781,0.9325628304233153,3.0761424970477678,1153,0.6650040309255322,39.922662764787674
40,0,60,0.9282675623893738,1.4351745159169669,0.09394300729036331,2.8965978622436523,0.6411669254302979,0.9169427869965633,4.200377977643074,1762,0.6599728468805551,39.61982608214021
40,1,60,0.8959156124542157,1.2661548399954885,0.07527793943881989,3.351928949356079,0.4200000464916229,0.9161869749551018,3.5471868048505226,1206,0.6625232264399529,39.7730377279222
41,0,60,0.9420354670844973,1.0013840282473574,0.022687265649437904,2.9331676959991455,0.9148847460746765,0.9114110532216728,2.722046611976313,1488,0.6606907033671935,39.66441276669502
41,1,60,0.9229542678687721,0.8654481696946205,0.013761336915194988,3.031320810317993,1.0890370607376099,0.9401296316180379,2.3760707302822226,1156,0.6644713005671898,39.88995606824756
42,0,60,0.8106536604153614,1.0130793474346433,0.030055789276957512,2.6869120597839355,1.2606793642044067,0.8634962358822426,2.754068705248004,1778,0.658747320001324,39.545374017208815
42,1,60,0.8918813291937113,0.8830135079409113,0.032144635915756226,4.503743648529053,1.0274615287780762,0.9449286739372958,2.418175929799289,1510,0.6640707675988475,39.868101853877306
43,0,60,0.9428965074320634,0.8779534232328217,0.09382891654968262,3.175795793533325,2.5282974243164062,0.8923074245949586,2.405970660645772,1427,0.6598312947278221,39.6141188852489
43,1,60,0.992193318468829,1.536509972098903,0.05638692155480385,3.274393320083618,1.1219210624694824,0.9476793927916636,4.648339095817915,1458,0.6640824465701978,39.86819329857826
44,0,60,0.927938883130749,1.0954688802113135,0.07906537503004074,3.5097274780273438,2.217784881591797,0.9103584160904089,2.990584580636862,1500,0.6613118630523483,39.700766921043396
44,1,60,0.9748972672969103,1.436378785476196,0.08213692903518677,3.1995859146118164,1.7388824224472046,0.9355683590564877,4.205439412032784,1664,0.6644241785630584,39.88827160000801
45,0,60,1.0713503684227665,1.0367892565074304,0.0397028811275959,3.8834571838378906,3.8834571838378906,0.9389749772970876,2.8201476916592783,1205,0.6618450700615843,39.73671228066087
45,1,60,0.8858164143438141,0.9980402548270528,0.019353818148374557,3.2123963832855225,0.9273512363433838,0.9335485194344073,2.712959905276928,1133,0.6659019538511832,39.98016403615475
46,0,60,0.809763556284209,0.90684504751173,0.06094227358698845,2.999210834503174,1.8834766149520874,0.9125205951370299,2.4764969649658553,1308,0.6593965566406648,39.583409890532494
46,1,60,0.8716773921934267,1.1448718826098925,0.017797140404582024,3.9569430351257324,0.7080692648887634,0.9232931442993383,3.1420387812429804,1142,0.6644973816350103,39.892789367586374
47,0,60,0.9428091472868497,1.29406972266067,0.004080766346305609,3.7925984859466553,1.297301173210144,0.9389516925113276,3.6476011146458034,2361,0.6600835664197803,39.625213515013456
47,1,60,0.7546948128690322,0.7444612396399627,0.08840598165988922,3.7974846363067627,0.32051241397857666,0.8958558410344024,2.1053068734906413,712,0.6619746580099066,39.73852613940835
48,0,60,0.9314074223240216,1.2204306238046156,0.05581222474575043,2.924290657043457,0.5903355479240417,0.9366538754897192,3.3886466513899496,1498,0.6582574528331558,39.51516651362181
48,1,60,0.8789755535001557,1.285831423329119,0.03462947532534599,3.23561692237854,1.2829631567001343,0.8732122880406678,3.61767452617669,873,0.6621818435067932,39.75101622194052
49,0,60,0.9287678061674038,1.4398519282996904,0.03526818007230759,4.1034674644470215,0.7330430746078491,0.9368196600970502,4.220070897658017,1434,0.6614127509295941,39.708977837115526
49,1,60,0.9323585484176874,1.3397755869291486,0.059996142983436584,3.7932324409484863,1.3229050636291504,0.8647045442648232,3.8181865582442454,1574,0.6627826341117422,39.78805394470692
50,0,60,0.9223559501270453,1.1043983936094028,0.092450350522995,2.4992873668670654,0.30167752504348755,0.9070207764379059,3.0174086303362686,1243,0.6611145889386535,39.69157533347607
50,1,60,0.916406435581545,0.922984247632591,0.015194535255432129,3.1233181953430176,0.3437044620513916,0.8708225485123694,2.516789918501398,1147,0.6546010382473468,39.29783445224166
51,0,60,1.061046082774798,1.337017706629321,0.08993643522262573,3.2947404384613037,2.945540189743042,0.9572772817360238,3.807670963794633,1810,0.6601022281373541,39.63063743337989
51,1,60,0.9309875819211205,1.202906154641645,0.022183377295732498,3.29638409614563,1.8220105171203613,0.8826845864579081,3.3297797299475853,1796,0.6643182034293811,39.88181880488992
52,0,60,0.6467334799468517,0.6920072117621459,0.05359458923339844,3.289525032043457,0.16859816014766693,0.8980621482680241,1.9977213614395943,1030,0.6592209221795201,39.57443681359291
52,1,60,0.9286962322890758,1.329001427663228,0.03568772226572037,3.190467357635498,0.6084417104721069,0.9174848703419168,3.7772696267379886,1087,0.6625611537446578,39.77561505883932
53,0,60,0.9944541933635871,1.0396827900031889,0.09554579854011536,3.468271017074585,2.0587141513824463,0.9106715024759372,2.828319700757404,1199,0.6611619060238202,39.69066608697176
53,1,60,0.9084516359493137,1.0063148737359762,0.059600356966257095,3.574838876724243,0.6065203547477722,0.9233800868317484,2.735501748571092,1101,0.6628533166522781,39.79451213404536
54,0,60,1.0606389297793308,1.4928997884245088,0.035412952303886414,4.171397686004639,0.31476959586143494,0.9370457271983226,4.449980830537591,1752,0.6584695176531871,39.529419649392366
54,1,60,0.8277806278628608,1.1852161456200816,0.021558323875069618,4.049187660217285,0.19171024858951569,0.9024645027207832,3.271393842504068,989,0.6639308724552393,39.8574338182807
55,0,60,0.9293409731239081,0.9740276765095474,0.07362523674964905,3.491621732711792,0.5647232532501221,0.9384427317976951,2.648590671644103,1085,0.6599486952026685,39.61858790740371
55,1,60,0.7749067316452662,0.8614108515661242,0.05122528225183487,2.5923454761505127,0.8017259836196899,0.8741645619335274,2.3664971157161925,1154,0.6622351159652075,39.75536880642176
56,0,60,0.9683423767487208,0.9877335256180048,0.08455967903137207,4.911056995391846,2.2859485149383545,0.9199019905924797,2.6851417654519283,1546,0.6604190376276772,39.64772442728281
56,1,60,0.9372094089786212,1.24725281533067,0.06685829162597656,3.008469820022583,0.2543522119522095,0.8754089273450275,3.4807674995961064,1171,0.6635458275054892,39.83286200091243
57,0,60,0.9387888658791781,1.007028738981035,0.09957583248615265,3.127833366394043,0.3600178360939026,0.978313067778945,2.737455225373835,1006,0.6599266225472092,39.61721087247133
57,1,60,0.9212917305529118,1.0849541169400705,0.08184496313333511,2.3960134983062744,0.8523209095001221,0.8739280269977947,2.9593040337000707,1393,0.6634727178762356,39.82981138676405
58,0,60,0.6729798377181093,0.9232593973778195,0.04139755293726921,2.3792195320129395,0.11736223101615906,0.9140181966498494,2.5174825078847944,2314,0.6604297519971927,39.64518429711461
58,1,60,0.836042802639228,0.9693871822527441,0.0018729482544586062,2.2969367504119873,0.8748371005058289,0.8594462603357775,2.6363283754062232,1678,0.6629179295773308,39.79697588086128
59,0,60,1.0204237109671037,1.2150182093250474,0.08454358577728271,3.0582427978515625,0.1149972453713417,0.9059751528874039,3.3703554356604934,1329,0.6590202258278927,39.56792131066322
59,1,60,1.0148007209102312,1.078980113020328,0.12874650955200195,5.091312408447266,0.3408203423023224,0.8968502789452517,2.9416778416944287,1016,0.6616465672229727,39.72139900922775
60,0,60,1.1702520480379461,1.2970882995231148,0.04428992420434952,3.3045272827148438,2.6845860481262207,0.9541573678702115,3.65862831382491,1189,0.6601419527704517,39.62994631752372
60,1,60,0.9869631767272949,1.3637712288105373,0.07295440882444382,3.0484840869903564,0.5044273138046265,0.9392615679616574,3.9109144792433765,1545,0.6625851882000764,39.7757193595171
61,0,60,0.9670535219212373,1.1654485849730138,0.10315617173910141,4.118323802947998,0.10315617173910141,0.9538995969047149,3.2073613346425893,1120,0.6588567979633808,39.55390365049243
61,1,60,0.8048868081842859,1.5627159928621577,0.033969707787036896,2.5203652381896973,0.4104115664958954,0.9127970478027904,4.771763737574488,1390,0.6624185513705015,39.767513651400805
62,0,60,0.8097787259767453,0.982360911575218,0.09581247717142105,2.477989435195923,0.15014955401420593,0.9280975689242283,2.6707542190708575,1708,0.6601523904750745,39.63059626892209
62,1,60,0.86155749008758,0.9048627194148671,0.0034341795835644007,2.653707981109619,0.12975171208381653,0.900850199709724,2.4715925980885634,1505,0.6636871332923572,39.843551617115736
63,0,60,0.7273909385005634,0.799148901184993,0.05153626203536987,2.3502657413482666,0.18946444988250732,0.9389797890807191,2.223647579073492,1474,0.661579959342877,39.71805764362216
63,1,60,0.9727477060010036,1.5999694610249366,0.05555862933397293,2.7972004413604736,0.3672655522823334,0.9281911803820792,4.952881166171066,1531,0.6642744559794664,39.88007464632392
64,0,60,0.9544905211776495,1.2985807609732791,0.0661817267537117,3.417229413986206,2.2845511436462402,0.9257931511228283,3.66409275226132,1126,0.659429155352215,39.58861251920462
64,1,60,0.8234653996924559,0.9646776668681216,0.057141587138175964,3.6043171882629395,0.09446277469396591,0.8899241161385241,2.623941736790043,968,0.6644975777094563,39.89416666701436
65,0,60,0.7874043841535846,0.8854023111551604,0.007759526371955872,3.8439950942993164,0.0792117491364479,0.849223618345956,2.4239593812465023,1279,0.660457499884069,39.64973729848862
65,1,60,0.6546631351423761,0.9171041280883859,0.025467025116086006,1.844151496887207,0.8244317173957825,0.8234641078215403,2.502034317776605,1101,0.664231141594549,39.87570307031274
66,0,60,0.8606277843316396,1.0551071139618091,0.028710633516311646,2.7172691822052,0.5674551725387573,0.8279384708280365,2.872282799014547,988,0.6601224363471071,39.63058365508914
66,1,60,1.0661373616040994,1.3889283393774108,0.008058045990765095,2.913111925125122,1.2070434093475342,0.875714218505503,4.010549800903778,1673,0.6636117490629355,39.83904643729329
67,0,60,1.1043208194896579,1.5160411355304344,0.059881407767534256,3.6793763637542725,0.42979106307029724,0.886846889530619,4.554160157382171,2138,0.6609871577471494,39.6828249245882
67,1,60,1.0264031667107096,1.1382021173965513,0.004535033367574215,3.145017385482788,0.14165638387203217,0.9086833538301289,3.121151853164894,1197,0.6633744850754738,39.82703097909689
68,0,60,1.0550997657080492,1.5868698456998422,0.04500706493854523,3.9506428241729736,0.3527645766735077,0.9523886549721161,4.888423435623262,1866,0.6623953143755595,39.770052187144756
68,1,60,0.890285414767762,0.9039791427658107,0.012522954493761063,4.080471515655518,1.2561713457107544,0.8921908955834806,2.4694097210944976,1343,0.6647341111674905,39.9096216224134
69,0,60,0.8306373390369117,0.8606359043984687,0.008863436058163643,2.1772165298461914,0.23679080605506897,0.9276180185439686,2.364663915887354,1363,0.6602033940454324,39.6363269276917
69,1,60,0.7396893439504008,0.9206109832488312,0.027485361322760582,3.4708590507507324,0.09597308188676834,0.8754356844350696,2.51082399278612,839,0.6573066590353847,39.45952741801739
70,0,60,0.8563268686334292,1.4610342186132907,0.026415381580591202,3.26135516166687,0.52638840675354,0.9414025154399375,4.310415135476266,1363,0.6597019001841545,39.60933139547706
70,1,60,1.154799857797722,1.4518876342502023,0.02843937650322914,3.711920738220215,0.37373366951942444,0.9754630289661388,4.271169316007441,1008,0.6635468593488137,39.83427605777979
71,0,60,0.8497894130026301,0.7942464443829472,0.03312629833817482,2.725562810897827,1.7838764190673828,0.9392348411741356,2.2127729209252087,1168,0.6590320499613881,39.5631638802588
71,1,60,0.9294930352518956,1.0854753073377368,0.07939686626195908,3.5780251026153564,0.9068771004676819,0.948134163695698,2.9608467965478784,1285,0.6627045919497808,39.78143214434385
72,0,60,0.9131716782227158,1.3075285037090882,0.022558484226465225,3.6267495155334473,0.38864248991012573,0.9010050129207472,3.697025227506805,1744,0.6599230408047636,39.618997011333704
72,1,60,0.90217413790524,1.0289363206803113,0.10320117324590683,3.1325361728668213,1.2487640380859375,0.9232883579346041,2.7980879829180667,1218,0.6633545119936267,39.822277054190636
73,0,60,0.6830491468620797,0.7515830244665956,0.018972473219037056,2.611617088317871,0.7931414842605591,0.8265948891515533,2.120353933400523,1266,0.6574507401014368,39.46834718808532
73,1,60,0.897039317432791,0.8852052774527396,0.01555023156106472,4.36483097076416,0.8880565166473389,0.9246391384676099,2.423481826603822,980,0.6620211226244768,39.74113792181015
74,0,60,0.9173260778499146,1.0863754984438259,0.021404115483164787,3.9783248901367188,0.781430721282959,0.8439326369141539,2.9635133245129355,1859,0.6622720710312326,39.76194301247597
74,1,60,0.7727229696698487,1.0770611450198864,0.0022802557796239853,3.2413198947906494,1.1178778409957886,0.9312458636114994,2.936038268859127,789,0.6526628943781058,39.17991790175438
75,0,60,0.8924208148072164,0.9952831699251371,0.04773624241352081,3.375798225402832,0.07708626240491867,0.8511514261489114,2.705490346318365,1574,0.6609659262001515,39.6804069429636
75,1,60,0.7113311867540081,0.8647803184471639,0.025532227009534836,3.2691831588745117,0.6327365636825562,0.8425521294027567,2.3744843982568313,1023,0.6512950919568539,39.098837822675705
76,0,60,0.887272938589255,0.9631019024948181,0.0699642077088356,3.4308929443359375,0.22479839622974396,0.8586481312662363,2.6198102788405873,1009,0.659777395427227,39.607374012470245
76,1,60,0.8414007354217271,1.0685660304173292,0.026480568572878838,3.3543648719787598,1.9982613325119019,0.824933669436723,2.911201930421774,1282,0.662730036303401,39.78690930455923
77,0,60,0.9891635389532893,1.0602051218343302,0.0072134071961045265,3.556680679321289,0.441539466381073,0.873846503412351,2.8869631077059683,1254,0.6607597143078844,39.66704244911671
77,1,60,1.0550911178191502,0.9711762083755745,0.1032056212425232,3.2571842670440674,3.239123582839966,0.855517065419505,2.641049057190609,1274,0.6644074187924465,39.88888358324766
78,0,60,0.972274299710989,1.0278310795989765,0.02285401150584221,4.327031135559082,1.0641605854034424,0.9316915339821329,2.7949971295138734,858,0.6605051727965474,39.65279345214367
78,1,60,0.8680184359351794,0.8787265194542533,0.039987318217754364,4.572635173797607,0.17817507684230804,0.8497128891199828,2.4078314266553,1294,0.6640235793466369,39.866406600922346
79,0,60,0.900890798245867,1.3113123082247402,0.0867808386683464,3.557917594909668,0.9280655384063721,0.9284044780613233,3.7110405471503554,1543,0.6612007921561599,39.694002851843834
79,1,60,0.8631017510779202,1.2500335715421371,0.02593311108648777,2.748587131500244,0.02593311108648777,0.8677886454015971,3.4904601356244256,1800,0.6634434649099906,39.827618818730116
80,0,60,0.8807560306042432,1.231387045771642,0.04417916759848595,4.153794765472412,0.18474499881267548,0.9260715212207288,3.425978230818802,1061,0.6606680016343792,39.66423196718097
80,1,60,0.8647141308213274,1.0056980313373507,0.03663265332579613,3.095233678817749,0.05960472673177719,0.8984652342150609,2.733814895425816,1279,0.6621848745892446,39.75137156993151
81,0,60,0.9044129795084397,0.9618148086924094,0.039656102657318115,4.09633207321167,1.8081914186477661,0.9294995294045657,2.616440506339056,1236,0.6596620218207438,39.603304110467434
81,1,60,0.9334515510747831,1.2769848017487675,0.07669270038604736,3.171135902404785,0.36209288239479065,0.916875397345672,3.5858114766207576,1120,0.6636511613304417,39.840583458542824
82,0,60,0.780514981597662,0.9859483832784086,0.017876140773296356,3.2974915504455566,3.016643524169922,0.8877698179334402,2.6803526810690466,1083,0.6607440824309985,39.66714444756508
82,1,60,0.8419368661940098,0.8801600451244869,0.06775975227355957,3.645446300506592,0.3815802335739136,0.8742445470206439,2.4112855900394212,1152,0.6609132397299011,39.678268034011126
83,0,60,0.8800478766982754,1.1035446179281103,0.04975461587309837,3.8034427165985107,2.143678903579712,0.8693245333308975,3.0148335396584867,1640,0.6607021212577819,39.665495462715626
83,1,60,0.9044829227185498,0.8561439817565607,0.014828762970864773,2.654945135116577,0.7281054854393005,0.8815374443773181,2.3540658491710844,1322,0.6635104069486261,39.8349373228848
84,0,60,0.8430796941742301,0.9229915524064072,0.046067897230386734,2.994727611541748,2.5011017322540283,0.8577623125165701,2.5168083031496438,1089,0.6598314040650924,39.613628908991814
84,1,60,0.8667275924235582,1.5768332941407168,0.03744427114725113,3.3950612545013428,1.747285008430481,0.8822626126464457,4.839605911359799,1698,0.6589761162176728,39.56018044427037
85,0,60,0.7311598878664275,0.6537533876139391,0.024657489731907845,2.662102222442627,0.17989863455295563,0.827843083969007,1.9227441061244583,1574,0.6610117816055815,39.68271894007921
85,1,60,0.7789550714815656,0.8720387573777143,0.009461980313062668,2.261902332305908,0.25336551666259766,0.8651108007784933,2.3917821496449903,1283,0.6632195354128877,39.816021393984556
86,0,60,0.7277851248160004,0.7111722777937466,0.018238190561532974,2.4473416805267334,0.05972757190465927,0.7925175130305191,2.036377059569437,1203,0.6604548923050364,39.65121613442898
86,1,60,0.8146121232459943,0.8833460863236781,0.029701530933380127,3.9038150310516357,0.475616455078125,0.8413429152127355,2.418980296589356,715,0.6637336671352386,39.8472695350647
87,0,60,0.9403081052626173,1.4055664982820826,0.024032581597566605,3.128718376159668,0.7476580142974854,0.8244761377635101,4.077836174248182,1626,0.6582480807478229,39.51871843263507
87,1,60,0.8618734625478586,1.2332595346507635,0.017660729587078094,3.144481658935547,0.2778734564781189,0.8453302344835053,3.432399346814118,1997,0.6654731578504046,39.952491868287325
88,0,60,0.8623721996943156,1.279888337575957,0.0017596036195755005,2.7152650356292725,0.1668347418308258,0.8209410023627182,3.5962381384806266,1655,0.6615255660687883,39.71513298898935
88,1,60,0.8682360556752732,1.3399625117770984,0.015428361482918262,3.1518280506134033,1.7647911310195923,0.8380808610748499,3.8189003388956806,1558,0.6632325407738487,39.8166436702013
89,0,60,0.8003184968450417,0.7652792379629585,0.012570747174322605,2.5248687267303467,0.5948404669761658,0.8123887628968806,2.149594539257279,867,0.6607897774626811,39.67118326202035
89,1,60,0.6975041288882494,1.377479228707276,0.051559317857027054,2.7055823802948,0.5727162957191467,0.8042361683677882,3.964894427810651,1032,0.6622295076648395,39.75671123713255
90,0,60,0.8032768428325653,1.0686399357349143,0.08379685878753662,3.307706832885742,0.2878786325454712,0.8268121538901081,2.9114170916756787,1221,0.6615447728584211,39.71391500532627
90,1,60,0.6740884312118093,0.624422124772586,0.05102934315800667,3.064675807952881,0.8844615817070007,0.783262840313837,1.8671666562554474,1099,0.6571016158287724,39.44715293869376
91,0,60,0.9357152159325779,1.35045325067391,0.020691538229584694,3.741971731185913,1.2381043434143066,0.8683981721134235,3.8591743077055605,1500,0.6531695192058881,39.21143075451255
91,1,60,0.5754845013997207,0.5923459932911459,0.003675389103591442,2.7240757942199707,0.9834390878677368,0.7354373159445822,1.808225528293588,1234,0.6658482356617849,39.975255236029625
92,0,60,0.6950941244140267,1.3279243012590414,0.03831613063812256,2.4196207523345947,0.39903512597084045,0.8193553759437054,3.7732032202973245,1547,0.6617850243424376,39.7326668612659
92,1,60,0.9322238101313511,1.0054401243464244,0.04095924273133278,3.186720848083496,1.4749492406845093,0.7495073854612807,2.733109916365809,1402,0.6637417025243243,39.84851590171456
93,0,60,0.8871514734191199,1.314881956671081,0.026830287650227547,3.5394914150238037,0.11790701001882553,0.8243112306886663,3.7243113291952654,1438,0.6614358264332016,39.71031379327178
93,1,60,0.781078988686204,1.2121114623119442,0.015644200146198273,2.7583870887756348,0.015644200146198273,0.7320759720634669,3.360572889645867,1207,0.6627255506813526,39.78487391024828
94,0,60,0.9152554903179407,1.5266809437496516,0.03815679997205734,3.1015336513519287,0.23548845946788788,0.8472986293832461,4.6028742427615805,1848,0.6607259096577763,39.66627683117986
94,1,60,0.8547668004408479,0.9361797949735449,0.01906464993953705,3.1834943294525146,1.8558529615402222,0.7635285063739866,2.550220420824174,1076,0.6627094283699989,39.782435204833746
95,0,60,1.0182461302727461,1.730346799614872,0.06669700145721436,3.18135404586792,1.684990406036377,0.8902924868712823,5.642610424271251,1961,0.6613736956069867,39.713851533830166
95,1,60,0.8392100097921987,1.0552301896830487,0.015350190922617912,3.110987901687622,0.16242989897727966,0.7965528220900645,2.8726363290466757,1262,0.6618989465137323,39.73767212033272
96,0,60,0.7756904157499472,0.845770387141125,0.0804191380739212,3.283413887023926,0.5289960503578186,0.8582875268347562,2.329771949744003,942,0.6622855002681415,39.761414516717196
96,1,60,0.6988506150742372,1.410053749900972,0.05178093910217285,2.340116500854492,0.8773066401481628,0.8212260448249677,4.096175567185351,1483,0.6643738420680165,39.8873059079051
97,0,60,0.9835934137304624,0.9623464751904314,0.08699323982000351,3.4977543354034424,0.23648583889007568,0.9159873846980433,2.617831949959546,1281,0.6569511843224366,39.43772952631116
97,1,60,0.6997747660769771,1.0977483158262826,0.013093528337776661,3.4308743476867676,0.019600283354520798,0.7747362360140929,2.99740920082574,1296,0.6646868161236247,39.906129624694586
98,0,60,0.6693333314110835,0.598555481047439,0.06841835379600525,3.472810983657837,0.7662290334701538,0.872423756296436,1.8194886153829264,1072,0.661562974875172,39.71692940965295
98,1,60,0.88446340020746,0.9032281094539203,0.056243497878313065,2.6961047649383545,0.3023785948753357,0.7954131183183442,2.4675558083954887,1274,0.6653285811344782,39.944401919841766
99,0,60,0.834595664802085,1.0177173625923792,0.0012606881791725755,3.337003707885742,0.5118338465690613,0.8562917911932648,2.7668717851369093,1081,0.6615637727702658,39.72017750144005
99,1,60,0.7012719866509239,0.5942472779501591,0.030877623707056046,2.8704895973205566,0.324873149394989,0.7647141555603594,1.811666750085034,1411,0.665013606287539,39.9255539663136
100,0,60,0.81663894757318,0.9813139123136645,0.015112410299479961,3.23667049407959,1.4815820455551147,0.8159703546533517,2.667959404715291,1167,0.6621414080262185,39.75307862460613
100,1,60,0.8052445641718805,1.171952457114234,0.015680627897381783,2.950377941131592,1.244372844696045,0.7579210664362958,3.2282895862374033,2180,0.6631905686110258,39.814100079238415
