round,client_id,step,loss,loss_moving_avg,perplexity,supervised_tokens,loss_sum,global_grad_norm,learning_rate,step_time,supervised_tokens_per_second
1,0,0,4.367587566375732,4.367587566375732,78.85317401030436,5,21.837937831878662,3.4093548563290312,0.0002,1.3877966739237309,3.6028332492420896
1,0,1,2.5440115928649902,3.4557995796203613,12.730638811191676,19,48.336220264434814,1.2940920809173684,0.0002,0.5076415538787842,37.42798408606413
1,0,2,3.1498184204101562,3.3538058598836265,23.33182761259267,8,25.19854736328125,2.1309296422356137,0.0002,0.5011827275156975,15.962242034267698
1,0,3,2.5646092891693115,3.1565067172050476,12.99557986381775,9,23.081483602523804,3.0595886667972922,0.0002,0.49917595461010933,18.029714606404905
1,0,4,1.8265082836151123,2.8905070304870604,6.212157652178174,10,18.265082836151123,3.124672006101549,0.0002,0.4981967229396105,20.07239216868988
1,0,5,3.5681145191192627,3.0034416119257608,35.44969038605499,5,17.840572595596313,11.009347265583507,0.0002,0.4955296292901039,10.090213994192442
1,0,6,4.960049629211426,3.28295704296657,142.600872890245,5,24.80024814605713,7.433274103670834,0.0002,0.4964703544974327,10.07109478885482
1,0,7,2.1034085750579834,3.135513484477997,8.194052408445094,17,35.75794577598572,2.1671057731872905,0.0002,0.4953737426549196,34.317523389289335
1,0,8,2.421064853668213,3.05613030327691,11.257840887604164,5,12.105324268341064,19.14671334791406,0.0002,0.5002908334136009,9.994186713124114
1,0,9,1.9518532752990723,2.945702600479126,7.041725751595657,85,165.90752840042114,0.9110735486205918,0.0002,0.5027140062302351,169.08221960513936
1,0,10,2.2074880599975586,2.8785921877080742,9.092846995683933,9,19.867392539978027,5.226184629612099,0.0002,0.49826223962008953,18.06277755838419
1,0,11,0.9500025510787964,2.7178763846556344,2.5857162556733457,16,15.200040817260742,4.254781841148208,0.0002,0.49793935753405094,32.1324268867537
1,0,12,2.9777414798736572,2.737866007364713,19.64340148976701,13,38.710639238357544,4.645260610801921,0.0002,0.496935348957777,26.160344655023863
1,0,13,1.8057180643081665,2.671284011432103,6.084338826853786,12,21.668616771697998,4.065912714785468,0.0002,0.4997683931142092,24.011122282512392
1,0,14,1.7324333190917969,2.6086939652760823,5.654396132100842,12,20.789199829101562,8.245946148070166,0.0002,0.5058719534426928,23.721417877260137
1,0,15,1.141501545906067,2.5169944390654564,3.131466878057716,83,94.74462831020355,1.0047519363510655,0.0002,0.5012601371854544,165.58268619970465
1,0,16,0.28359657526016235,2.385618094135733,1.3278971161310182,5,1.4179828763008118,2.6508740334150085,0.0002,0.5015895776450634,9.968309197082476
1,0,17,0.5966061353683472,2.2862285408708782,1.81594525784877,10,5.966061353683472,4.675275579566987,0.0002,0.5040506608784199,19.839275644580617
1,0,18,2.024479866027832,2.2724522948265076,7.57217137659803,18,36.44063758850098,8.595773929557568,0.0002,0.4990316592156887,36.06985582495907
1,0,19,0.8223385810852051,2.1999466091394426,2.275815798987142,19,15.624433040618896,4.34292845112917,0.0002,0.47933432273566723,39.638304829837324
1,0,20,0.5759053826332092,2.010362499952316,1.7787402386226059,6,3.4554322957992554,5.528795713613259,0.0002,0.5102637894451618,11.75862391984376
1,0,21,0.6447827219963074,1.9154010564088821,1.9055729452024475,6,3.8686963319778442,7.460846564549206,0.0002,0.4831262603402138,12.419113785648593
1,0,22,0.17967729270458221,1.7668940000236035,1.196831074676932,54,9.70257380604744,0.7515692139562863,0.0002,0.48536283150315285,111.25697415429147
1,0,23,1.7592432498931885,1.7266256980597974,5.808040495670163,26,45.7403244972229,3.9387434759341517,0.0002,0.4810626897960901,54.047009987452405
1,0,24,0.4850897490978241,1.659554771333933,1.6243207836274614,7,3.3956282436847687,4.852381045706205,0.0002,0.507987042888999,13.779879030358616
1,0,25,1.82196843624115,1.5722474671900273,6.184019324758278,88,160.3332223892212,1.0171400178658698,0.0002,0.5083507653325796,173.10881777157852
1,0,26,1.8593400716781616,1.4172119893133641,6.419498964079978,8,14.874720573425293,5.165536204782352,0.0002,0.5084787458181381,15.733204319342917
1,0,27,0.2785382866859436,1.325968474894762,1.3211971886894815,5,1.392691433429718,3.15542987361084,0.0002,0.5055424571037292,9.890366139859307
1,0,28,0.2590000629425049,1.2178652353584767,1.295633886378488,4,1.0360002517700195,3.6650255716421123,0.0002,0.5098300091922283,7.845752364278392
1,0,29,0.2569924592971802,1.133122194558382,1.2930353763270828,4,1.0279698371887207,3.6163397094660055,0.0002,0.5096360575407743,7.848738213896831
1,0,30,0.5272451043128967,1.049110046774149,1.694258368393793,19,10.017656981945038,1.908211139170353,0.0002,0.5018562190234661,37.85944914057463
1,0,31,0.980084240436554,1.0506141312420367,2.6646807063407736,5,4.90042120218277,8.073271790468564,0.0002,0.5178013257682323,9.65621320606274
1,0,32,0.7721980214118958,0.9403369583189487,2.164518687317387,4,3.088792085647583,5.903235722586119,0.0002,0.5166895687580109,7.741592325184682
1,0,33,2.642162799835205,0.9821591950953007,14.04354416063151,45,118.89732599258423,2.0087475122122145,0.0002,0.5611433498561382,80.19341227430881
1,0,34,2.00679349899292,0.9958772040903568,7.439424539356705,47,94.31929445266724,2.4997959725288994,0.0002,0.51074761711061,92.02196628128654
1,0,35,2.675682544708252,1.072586254030466,14.522258548361918,8,21.405460357666016,6.255792193051115,0.0002,0.5119375437498093,15.626906246027753
1,0,36,0.5209322571754456,1.0844530381262303,1.6835964631998157,4,2.0837290287017822,6.184527103746567,0.0002,0.5148100107908249,7.769856677525373
1,0,37,0.20019075274467468,1.0646322689950467,1.2216357663114077,5,1.0009537637233734,3.2246063432123337,0.0002,0.5117914713919163,9.769603988127292
1,0,38,2.7590248584747314,1.1013595186173917,15.784443374910838,4,11.036099433898926,13.255983625207648,0.0002,0.5135505571961403,7.788911810044596
1,0,39,0.6231722831726074,1.0914012037217617,1.8648344514412605,16,9.970756530761719,3.4041115440909584,0.0002,0.5165464952588081,30.974946392741337
1,0,40,0.9371355772018433,1.1094627134501933,2.5526590413900965,9,8.43422019481659,5.0389935567794,0.0002,0.5104002263396978,17.63322102057618
1,0,41,1.0852088928222656,1.1314840219914912,2.96005808904942,8,8.681671142578125,4.774943207124998,0.0002,0.5070688705891371,15.776949570391126
1,0,42,1.3711676597595215,1.1910585403442382,3.939948529947927,9,12.340508937835693,4.505252370248245,0.0002,0.5095395799726248,17.663004708061205
1,0,43,1.6174724102020264,1.18396999835968,5.0403343048052776,4,6.4698896408081055,8.858484883870183,0.0002,0.5081970449537039,7.870962729357065
1,0,44,0.516238272190094,1.1855274245142937,1.6757122054503872,16,8.259812355041504,1.8238016103881158,0.0002,0.5098395012319088,31.382425177609257
1,0,45,0.5362748503684998,1.1212427452206613,1.7096263713744002,4,2.145099401473999,3.889366120248912,0.0002,0.5267468392848969,7.593780734271394
1,0,46,1.3210089206695557,1.0943261876702308,3.7472000983576104,73,96.43365120887756,0.9947928421955669,0.0002,0.49885415844619274,146.33535425940306
1,0,47,1.3705875873565674,1.148928652703762,3.9376637372732994,97,132.94699597358704,0.7703854320107736,0.0002,0.5009149927645922,193.64563129693684
1,0,48,0.9968841671943665,1.1858228579163552,2.709825298171844,5,4.984420835971832,2.5982474108686917,0.0002,0.5089199710637331,9.8247274312091
1,0,49,0.43924567103385925,1.1949355185031891,1.5515364081240888,62,27.233231604099274,0.7372605550969997,0.0002,0.5098254960030317,121.61023818163717
1,0,50,0.16320206224918365,1.1767333664000035,1.177274548399681,147,23.990703150629997,0.38416761477425304,0.0002,0.5035945065319538,291.90151618675895
1,0,51,0.37312862277030945,1.1463855855166911,1.4522711229553114,8,2.9850289821624756,2.2597049813900956,0.0002,0.508006289601326,15.747836520445944
1,0,52,1.4326870441436768,1.1794100366532803,4.189942640170974,47,67.33629107475281,0.7628093261054861,0.0002,0.5103924907743931,92.08599430741867
1,0,53,1.8552229404449463,1.1400630436837673,6.393123377526166,37,68.64324879646301,1.8036974474261036,0.0002,0.5111648123711348,72.38369916029332
1,0,54,1.278033971786499,1.1036250673234462,3.58957557682828,17,21.726577520370483,3.0598181963801463,0.0002,0.5049677714705467,33.66551483175508
1,0,55,1.3669226169586182,1.0381870709359646,3.923258729326979,4,5.467690467834473,3.6109651829464045,0.0002,0.509521009400487,7.850510432742476
1,0,56,0.7357931733131409,1.0489301167428493,2.0871367973532844,9,6.622138559818268,4.1042424390601315,0.0002,0.5085204876959324,17.698401967594883
1,0,57,0.4448883831501007,1.0611649982631206,1.5603160285528914,15,6.673325747251511,1.6990032534290076,0.0002,0.5123577788472176,29.276417025909783
1,0,58,0.46948128938674927,0.9466878198087215,1.5991644744587656,4,1.877925157546997,4.377299099228731,0.0002,0.5133316740393639,7.792232979750374
1,0,59,0.9717339873313904,0.9641159050166607,2.6425225896904934,6,5.830403923988342,5.174826522295693,0.0002,0.513680461794138,11.6804131094333
1,0,60,0.25011929869651794,0.9297650910913944,1.2841786083838513,44,11.00524914264679,0.9998048264225189,0.0002,0.5137314274907112,85.64786510125577
1,0,61,0.6558388471603394,0.9082965888082981,1.9267580952270231,4,2.6233553886413574,2.5518021246782,0.0002,0.5130356196314096,7.796729597203795
1,0,62,2.2010490894317627,0.9497906602919102,9.034486513868734,8,17.6083927154541,5.786294210485533,0.0002,0.4850927870720625,16.491690277001723
1,0,63,1.2457629442214966,0.9312051869928837,3.4755854659004073,14,17.440681219100952,3.183718551802642,0.0002,0.5138159710913897,27.247109447109608
1,0,64,0.5844376087188721,0.9346151538193226,1.7939817821700887,8,4.675500869750977,1.9914338898474304,0.0002,0.508873276412487,15.721006330690647
1,0,65,1.1334545612335205,0.9644741393625736,3.106369128123334,4,4.533818244934082,13.910020820023862,0.0002,0.5083206426352262,7.8690489122442004
1,0,66,0.48002293705940247,0.9224248401820659,1.6161114706125739,4,1.9200917482376099,2.3130871433061633,0.0002,0.5077823158353567,7.877391305799156
1,0,67,1.5050342082977295,0.929147171229124,4.504307712352316,14,21.070478916168213,3.282049853016121,0.0002,0.5107738915830851,27.40938844115271
1,0,68,0.7003932595252991,0.9143226258456707,2.014544790641204,48,33.618876457214355,1.5728547907379977,0.0002,0.5085839238017797,94.37970363119061
1,0,69,0.5973007678985596,0.9222253806889057,1.817207110709241,24,14.33521842956543,2.0053772314622726,0.0002,0.5092143137007952,47.13143239351664
1,0,70,2.3104095458984375,1.0295857548713685,10.078551439306274,14,32.345733642578125,3.193668259479308,0.0002,0.5084923654794693,27.532370101169708
1,0,71,0.4366549849510193,1.032762072980404,1.547522066539219,60,26.199299097061157,1.1100874922781492,0.0002,0.5127077531069517,117.0257317865913
1,0,72,2.6803531646728516,1.0951453790068626,14.59024514525519,12,32.16423797607422,4.821392082966614,0.0002,0.5097861252725124,23.539283250569547
1,0,73,2.9771883487701416,1.1512436494231224,19.632539117859007,4,11.908753395080566,12.043993431753504,0.0002,0.5085783768445253,7.865061084228553
1,0,74,2.028052568435669,1.1887445792555809,7.599272875475491,4,8.112210273742676,13.06162953832751,0.0002,0.5086468067020178,7.864002972780547
1,0,75,1.274610996246338,1.184128998219967,3.5773095525562706,4,5.098443984985352,6.631905480783425,0.0002,0.5094076059758663,7.852258099557123
1,0,76,1.5347367525100708,1.2240761771798134,4.640103873464313,22,33.76420855522156,1.7514347705981161,0.0002,0.5116647612303495,42.99690279060606
1,0,77,1.0615116357803345,1.254907339811325,2.8907374303334703,13,13.799651265144348,2.8011659386000862,0.0002,0.5114638525992632,25.41724099158504
1,0,78,0.7368370294570923,1.2682751268148422,2.089316605427561,7,5.157859206199646,5.8573765814923044,0.0002,0.4865919128060341,14.38577135331542
1,0,79,2.274991989135742,1.3334380269050599,9.727841083833303,4,9.099967956542969,5.436460746551749,0.0002,0.48623959347605705,8.226397137683861
1,0,80,1.2375978231430054,1.3828119531273841,3.4473224323209477,14,17.326369524002075,2.384572446220069,0.0002,0.4858092050999403,28.817897752925308
1,0,81,1.3584327697753906,1.4179416492581367,3.8900918523285997,7,9.509029388427734,4.054157377975424,0.0002,0.4930208344012499,14.198182939877508
1,0,82,0.9663214683532715,1.3562052682042123,2.628258523111782,6,5.797928810119629,3.08179001329169,0.0002,0.48665776476264,12.328992640087455
1,0,83,0.37485796213150024,1.3126600190997124,1.4547847654153372,9,3.373721659183502,1.5055570033817274,0.0002,0.4858204945921898,18.525360910421927
1,0,84,2.5954067707061768,1.4132084771990776,13.402037809175294,28,72.67138957977295,4.332747808562115,0.0002,0.4861554726958275,57.594744012104826
1,0,85,0.46310901641845703,1.3796911999583243,1.5890065607782466,4,1.8524360656738281,2.405075866782246,0.0002,0.486111868172884,8.228558613544102
1,0,86,1.2820335626602173,1.4197917312383652,3.603961159591803,24,30.768805503845215,3.920209235307744,0.0002,0.486003490164876,49.38236141443765
1,0,87,1.795914888381958,1.4343357652425766,6.02498438927679,75,134.69361662864685,0.5143951789798068,0.0002,0.4858438614755869,154.37058270575406
1,0,88,0.9005885720252991,1.4443455308675766,2.4610511908493105,56,50.43296003341675,1.3137705850976689,0.0002,0.5087635349482298,110.07078171531768
1,0,89,1.6701853275299072,1.497989758849144,5.313152379349744,9,15.031667947769165,4.777701244813708,0.0002,0.5054273214191198,17.8067144742594
1,0,90,0.6669872999191284,1.4158186465501785,1.9483586494849547,42,28.013466596603394,1.955966002280566,0.0002,0.5099529474973679,82.36053974414332
1,0,91,0.923718273639679,1.4401718109846116,2.5186379859377586,5,4.618591368198395,4.369823945340312,0.0002,0.5092280134558678,9.818784253575485
1,0,92,1.6367614269256592,1.387992224097252,5.138501124523175,19,31.098467111587524,2.2698557601018945,0.0002,0.4861735701560974,39.080692917756934
1,0,93,0.3371579051017761,1.2559907019138337,1.4009602650469046,4,1.3486316204071045,1.9553102448490365,0.0002,0.5098528657108545,7.845400642052019
1,0,94,0.2604816257953644,1.1676121547818183,1.2975548720946064,14,3.6467427611351013,1.4422342352298174,0.0002,0.5086214728653431,27.525381343281357
1,0,95,0.9033270478248596,1.1490479573607444,2.467799956424978,22,19.87319505214691,2.429360908437899,0.0002,0.5044811610132456,43.609160658870216
1,0,96,2.2336266040802,1.183992449939251,9.333654242865805,12,26.803519248962402,3.1172212970963504,0.0002,0.5106589775532484,23.4990483423915
1,0,97,1.6136815547943115,1.2116009458899497,5.021263296804577,4,6.454726219177246,7.588585359075859,0.0002,0.5097057521343231,7.847665017023149
1,0,98,0.8999414443969727,1.2197561666369439,2.4594590918301784,4,3.5997657775878906,5.548599317677592,0.0002,0.5107827484607697,7.831118047846946
1,0,99,0.17262443900108337,1.1146377891302108,1.188419697173976,11,1.8988688290119171,0.7193191648763098,0.0002,0.510406844317913,21.55143513935428
1,0,100,0.7091648578643799,1.0882161408662796,2.032293295961952,17,12.055802583694458,1.720629972834371,0.0002,0.5112697221338749,33.25055105756602
1,0,101,1.4663686752319336,1.0936129361391067,4.333470296731313,21,30.793742179870605,2.1971453532413387,0.0002,0.5089845284819603,41.25862148036646
1,0,102,1.4114640951156616,1.1158700674772262,4.101956664508279,14,19.760497331619263,2.567220008888933,0.0002,0.5093749277293682,27.484666476238942
1,0,103,0.23526525497436523,1.1088904321193696,1.265244336579469,6,1.4115915298461914,1.4951282548669642,0.0002,0.5115637723356485,11.728742972954826
1,0,104,1.5569932460784912,1.0569697558879851,4.7445341303800745,5,7.784966230392456,7.755171476626543,0.0002,0.512033911421895,9.764978233795542
1,0,105,1.2765601873397827,1.0976423144340515,3.5842892126103694,60,76.59361124038696,1.6150080283724009,0.0002,0.5105098076164722,117.52957358475638
1,0,106,1.2201189994812012,1.0945465862751007,3.3875908311880916,96,117.13142395019531,1.5516090546746932,0.0002,0.5175276435911655,185.49733756026703
1,0,107,4.58623743057251,1.2340627133846283,98.12453434596748,18,82.55227375030518,3.931520554251391,0.0002,0.5109938476234674,35.2254730339993
1,0,108,1.78644597530365,1.2783555835485458,5.96820358628866,12,21.4373517036438,3.6836884568480026,0.0002,0.5116390623152256,23.454034071790023
1,0,109,0.2237418293952942,1.2060334086418152,1.2507480713563899,45,10.068382322788239,0.6403207661530909,0.0002,0.5120805688202381,87.8767966214256
1,0,110,1.3946828842163086,1.2424181878566742,4.033695221370388,4,5.578731536865234,10.040563557875696,0.0002,0.5110035818070173,7.827733781933875
1,0,111,2.090122938156128,1.3007384210824966,8.08590916996717,66,137.94811391830444,1.9992315789302733,0.0002,0.4864782243967056,135.6689707578347
1,0,112,2.9387898445129395,1.3658398419618607,18.892969042366648,5,14.693949222564697,8.710705377868674,0.0002,0.5033530816435814,9.933385097541617
1,0,113,0.9576579332351685,1.3968648433685302,2.605586863263078,5,4.788289666175842,3.575508137507794,0.0002,0.5104165356606245,9.795920881615983
1,0,114,1.6006392240524292,1.4638727232813835,4.9561995339917235,49,78.43132197856903,2.649389518314639,0.0002,0.5100481417030096,96.06936285738234
1,0,115,1.3777780532836914,1.4875952735543252,3.9660794127510672,31,42.711119651794434,1.6568000058666084,0.0002,0.510556299239397,60.718083483021076
1,0,116,0.24961180984973907,1.388394533842802,1.2835270674016988,101,25.210792794823647,0.7429746725098226,0.0002,0.5104812644422054,197.8525110228307
1,0,117,0.7491418123245239,1.3451675467193127,2.1151840126370054,9,6.742276310920715,3.310089838889972,0.0002,0.5183060616254807,17.36425765844747
1,0,118,0.664653480052948,1.3334031485021114,1.9438168333142443,12,7.975841760635376,2.3507097815148246,0.0002,0.5100252963602543,23.52824474714652
1,0,119,1.5508205890655518,1.402312956005335,4.715337950212122,4,6.203282356262207,4.545593919079232,0.0002,0.511435130611062,7.821128742604766
1,0,120,0.15491971373558044,1.3746006987988948,1.1675642179725014,5,0.7745985686779022,0.9479619272590345,0.0002,0.5151931382715702,9.705098202151103
1,0,121,1.1839282512664795,1.3604786776006221,3.267183344766016,49,58.012484312057495,1.004106097792728,0.0002,0.5139369778335094,95.34242935108206
1,0,122,0.6217983365058899,1.3209953896701336,1.8622740277083316,6,3.7307900190353394,6.653413798082763,0.0002,0.510413508862257,11.755174766777564
1,0,123,1.4491820335388184,1.3816912285983562,4.259628856245626,44,63.76400947570801,0.961702078198183,0.0002,0.510812820866704,86.13722718498828
1,0,124,2.66135835647583,1.4369094841182233,14.315721750801572,4,10.64543342590332,10.072397640125043,0.0002,0.5127563830465078,7.8009755358563595
1,0,125,1.3639229536056519,1.4412776224315167,3.9115079069591614,9,12.275306582450867,4.958697381986143,0.0002,0.49274057149887085,18.26518967704007
1,0,126,0.990615725517273,1.4298024587333202,2.6928920443391697,5,4.953078627586365,4.098552661321935,0.0002,0.5025436338037252,9.949384816906889
1,0,127,0.21845443546772003,1.2114133089780807,1.2441523261168133,9,1.9660899192094803,1.241322965818838,0.0002,0.511474497616291,17.59618522906652
1,0,128,0.9743224382400513,1.1708071321249007,2.649371489885888,5,4.871612191200256,3.426114636066866,0.0002,0.5039984304457903,9.920665815521417
1,0,129,0.28704458475112915,1.1739722698926927,1.3324836206019481,9,2.5834012627601624,2.3900351409055007,0.0002,0.5089543480426073,17.683314887893562
1,0,130,0.35940027236938477,1.1222081393003465,1.4324700650202438,11,3.9534029960632324,1.7187296576236966,0.0002,0.5018468946218491,21.919035701692852
1,0,131,0.42929744720458984,1.0391668647527694,1.536177898269133,4,1.7171897888183594,3.106469607717462,0.0002,0.5103000346571207,7.838525824689916
1,0,132,1.0312544107437134,0.9437900930643082,2.8045817265011643,32,33.00014114379883,1.6010287493142559,0.0002,0.5042015388607979,63.466684517269385
1,0,133,1.2792696952819824,0.9598706811666489,3.5940140415001203,4,5.11707878112793,5.515064218035797,0.0002,0.5099519975483418,7.843875539718448
1,0,134,2.7824482917785645,1.0189611345529557,16.158533363717467,17,47.301620960235596,3.5059402980316183,0.0002,0.5142590403556824,33.05727010310234
1,0,135,3.5721282958984375,1.1286786466836929,35.59226346700719,5,17.860641479492188,5.87896489031887,0.0002,0.5113412421196699,9.778205996593256
1,0,136,0.9171628952026367,1.1620562009513378,2.502181359433782,5,4.585814476013184,6.058548343289939,0.0002,0.50740578584373,9.854046089927504
1,0,137,2.3094046115875244,1.2400693409144878,10.068428244585412,29,66.97273373603821,2.65520489015924,0.0002,0.5219798162579536,55.557703759312965
1,0,138,2.548102378845215,1.3342417858541011,12.782823795987648,15,38.22153568267822,3.807517360286769,0.0002,0.49728443659842014,30.163823550571287
1,0,139,0.3839484453201294,1.27589817866683,1.4680697538647873,6,2.3036906719207764,4.030656329989874,0.0002,0.5116588454693556,11.726563613878447
1,0,140,0.5511133074760437,1.2957078583538533,1.7351837359520816,26,14.328945994377136,1.2236264377419555,0.0002,0.5123947206884623,50.74213092021315
1,0,141,1.7366580963134766,1.323344350606203,5.678335229151171,9,15.629922866821289,5.320838983712803,0.0002,0.5164442602545023,17.42685647346497
1,0,142,1.2231634855270386,1.3534126080572606,3.39792001975954,40,48.92653942108154,4.9070545762216256,0.0002,0.5110369082540274,78.27223308911518
1,0,143,0.26176342368125916,1.2940416775643826,1.2992191415871814,6,1.570580542087555,2.0932935008522873,0.0002,0.5117220766842365,11.725114614709819
1,0,144,0.18444284796714783,1.1701959021389485,1.2025482512436991,14,2.5821998715400696,1.3873340890509906,0.0002,0.5116070248186588,27.36475325952054
1,0,145,0.712197482585907,1.137609628587961,2.038465833617185,8,5.697579860687256,2.901144421048499,0.0002,0.5058506075292826,15.814945916689243
1,0,146,1.2921983003616333,1.1526887573301792,3.6407812959526287,6,7.7531898021698,6.466442109771069,0.0002,0.5093274489045143,11.780240811495798
1,0,147,0.32396847009658813,1.1579644590616227,1.3826037130706952,6,1.9438108205795288,2.3338069038766167,0.0002,0.5117955300956964,11.723431814416411
1,0,148,0.5208182334899902,1.1352892488241195,1.6834045042704024,4,2.083272933959961,2.1205809060230547,0.0002,0.5108759980648756,7.829688642941578
1,0,149,0.6903640627861023,1.1554552227258683,1.994441503016081,4,2.761456251144409,2.2179863499493284,0.0002,0.5115123856812716,7.819947496818659
1,0,150,0.9752622246742249,1.1862483203411103,2.6518625035982777,27,26.33208006620407,2.2194311420567816,0.0002,0.5102538801729679,52.91483524015032
1,0,151,1.7904856204986572,1.2543077290058136,5.992361773628965,18,32.22874116897583,7.431277653084517,0.0002,0.5086464434862137,35.38803864749301
1,0,152,2.6301896572113037,1.3342544913291932,13.876401412174353,11,28.93208622932434,4.307703721652742,0.0002,0.5088227465748787,21.61853037044057
1,0,153,1.2793723344802856,1.3342596232891082,3.5943829471517965,6,7.676234006881714,3.302089083986387,0.0002,0.5094279926270247,11.777915793474804
1,0,154,1.0273034572601318,1.2465023815631866,2.7935228155660243,47,48.283262491226196,1.5377925663741863,0.0002,0.5065351650118828,92.78724014925484
1,0,155,1.708345651626587,1.1533132493495941,5.5198222110466455,34,58.083752155303955,2.6841098607149263,0.0002,0.5111376140266657,66.51828992226396
1,0,156,0.677497148513794,1.141329962015152,1.9689435867072065,37,25.067394495010376,1.4615651745599187,0.0002,0.5115094855427742,72.33492446525888
1,0,157,2.0266199111938477,1.1271907269954682,7.588393517214395,4,8.10647964477539,33.737610367070815,0.0002,0.5113667137920856,7.822175147728411
1,0,158,1.3875732421875,1.0691642701625823,4.005118796738891,6,8.325439453125,3.9214635466958603,0.0002,0.5111100859940052,11.739153979579996
1,0,159,0.3247942328453064,1.0662065595388412,1.383745887230723,5,1.623971164226532,2.6346024069916156,0.0002,0.510657511651516,9.791298249641946
1,0,160,0.5752159953117371,1.067411693930626,1.7775144202342827,4,2.3008639812469482,5.014569886598486,0.0002,0.5094094630330801,7.852229474072898
1,0,161,0.49240538477897644,1.005199058353901,1.6362472945234092,8,3.9392430782318115,3.1950686198732683,0.0002,0.5102510862052441,15.678555550947067
1,0,162,0.5398176312446594,0.971031765639782,1.7156939446833008,4,2.1592705249786377,3.9523376939907866,0.0002,0.5079575981944799,7.8746730321937894
1,0,163,0.9819768667221069,1.0070424377918243,2.6697287265892578,5,4.909884333610535,3.185251546210915,0.0002,0.5050958208739758,9.899111798922462
1,0,164,1.1755390167236328,1.0565972462296487,3.239888827526185,20,23.510780334472656,2.583510354895052,0.0002,0.5113430228084326,39.11268778080642
1,0,165,2.3660013675689697,1.1392874404788018,10.654702751152278,20,47.320027351379395,3.0395419361104983,0.0002,0.5112421102821827,39.12040811536612
1,0,166,0.5515596270561218,1.1022555068135262,1.735958355279498,4,2.2062385082244873,2.202891462789401,0.0002,0.5110129285603762,7.827590607675594
1,0,167,1.2065702676773071,1.146385596692562,3.3420027989398915,5,6.032851338386536,3.441508264901815,0.0002,0.5112452562898397,9.780041845836424
1,0,168,0.4516395926475525,1.1429266646504401,1.5708856877897688,5,2.2581979632377625,1.3216065847278993,0.0002,0.5117157809436321,9.771049059264351
1,0,169,1.0558439493179321,1.1612006589770316,2.874399978444185,9,9.50259554386139,4.841837529219342,0.0002,0.5192749872803688,17.331857340435864
1,0,170,1.1099146604537964,1.1679332807660103,3.0340994547163316,5,5.549573302268982,5.263760966298393,0.0002,0.5180174522101879,9.652184455691327
1,0,171,3.9938220977783203,1.2781001046299933,54.26188776794728,5,19.9691104888916,7.724778253992791,0.0002,0.520598279312253,9.604334471879838
1,0,172,0.6018709540367126,1.176684169471264,1.825531092040503,6,3.611225724220276,1.9754553730886293,0.0002,0.502742225304246,11.934545574263158
1,0,173,0.9415505528450012,1.1597930803894996,2.5639538837635145,9,8.473954975605011,3.662443213497523,0.0002,0.5008204560726881,17.970511968652012
1,0,174,1.0294053554534912,1.1598981752991677,2.799400691309348,18,18.529296398162842,4.248924226442139,0.0002,0.5090950056910515,35.35685834428211
1,0,175,0.13101227581501007,1.0810315065085887,1.1399817754314856,8,1.0480982065200806,1.4475201781243976,0.0002,0.5104463808238506,15.67255700214419
1,0,176,0.6612733006477356,1.080220314115286,1.937257475834691,7,4.628913104534149,5.982560273255551,0.0002,0.5095398724079132,13.737884666258532
1,0,177,1.2209945917129517,1.0399390481412412,3.3905582783514854,4,4.883978366851807,5.08572922639476,0.0002,0.5044105891138315,7.93004763644506
1,0,178,1.3601970672607422,1.0385702393949032,3.896961189596809,9,12.24177360534668,2.8209590130841873,0.0002,0.4966061543673277,18.123013419891922
1,0,179,0.5723593831062317,1.0509484969079494,1.772443996411256,47,26.90089100599289,1.3476126594032094,0.0002,0.5097412224858999,92.2036475111645
1,0,180,1.3090121746063232,1.0876383058726788,3.7025144673489554,16,20.944194793701172,3.2412825329162653,0.0002,0.5075206644833088,31.525809922023782
1,0,181,1.3338333368301392,1.1297097034752368,3.7955652161904054,4,5.335333347320557,8.382731649652577,0.0002,0.5054354146122932,7.913968598872913
1,0,182,1.6139552593231201,1.18341658487916,5.022637827408297,70,112.97686815261841,1.5669186951078786,0.0002,0.5048192013055086,138.6635053083829
1,0,183,0.8001641035079956,1.1743259467184544,2.225906177534526,5,4.000820517539978,4.590888187114606,0.0002,0.4968546237796545,10.06330576530451
1,0,184,1.2432926893234253,1.177713630348444,3.467010479441246,7,8.703048825263977,2.113722277797578,0.0002,0.5142924003303051,13.610934160225272
1,0,185,0.2982519865036011,1.0743261612951756,1.347501297242359,101,30.12345063686371,0.7030101744746802,0.0002,0.5073935929685831,199.05651431088083
1,0,186,1.0256651639938354,1.0980314381420613,2.788949952815962,9,9.230986475944519,5.234415552046261,0.0002,0.5120763368904591,17.575504571548358
1,0,187,0.8313448429107666,1.0792701669037341,2.2964049684950876,4,3.3253793716430664,1.7936625249800964,0.0002,0.5114450883120298,7.820976467291093
1,0,188,2.248335361480713,1.1691049553453923,9.471955323892965,22,49.463377952575684,2.501776546588754,0.0002,0.5117094665765762,42.99314637890864
1,0,189,0.6987797617912292,1.151251745969057,2.011296948084238,4,2.795119047164917,1.861940289881457,0.0002,0.5138155166059732,7.784895299429926
1,0,190,0.9634947776794434,1.1439307518303394,2.6208397394991017,8,7.707958221435547,5.253397627178875,0.0002,0.5087841898202896,15.72375903194972
1,0,191,1.784812092781067,1.0334802515804768,5.958460204695808,6,10.708872556686401,10.59795733745457,0.0002,0.51060476526618,11.750771649912393
1,0,192,0.6087504029273987,1.033824224025011,1.838133037405293,11,6.6962544322013855,2.3878316184789896,0.0002,0.5163264349102974,21.3043517748826
1,0,193,1.6395511627197266,1.0687242545187474,5.152856199160871,16,26.232818603515625,3.098411252164124,0.0002,0.4855992943048477,32.9489770426964
1,0,194,1.2507879734039307,1.0797933854162693,3.4930943387481954,4,5.003151893615723,4.335941450055832,0.0002,0.5096331238746643,7.848783394589031
1,0,195,0.7534083127975464,1.1109131872653961,2.1242277250104364,15,11.301124691963196,3.1347388450397045,0.0002,0.5150734446942806,29.122060464412368
1,0,196,0.29294607043266296,1.0924968257546426,1.3403705028811892,4,1.1717842817306519,2.599984982606662,0.0002,0.5054559074342251,7.913647740916985
1,0,197,2.6298305988311768,1.1629386261105537,13.871419868347354,27,71.00542616844177,3.7171753511234407,0.0002,0.5091407932341099,53.03051799973339
1,0,198,0.6508116126060486,1.127469353377819,1.9170961371666007,7,4.55568128824234,4.309169668828077,0.0002,0.48576190508902073,14.41035191657769
1,0,199,1.1533091068267822,1.1565168395638465,3.1686610178993764,7,8.073163747787476,4.160286359948601,0.0002,0.5077581740915775,13.786090224000025
1,0,200,1.739378809928894,1.178035171329975,5.693805388515761,11,19.133166909217834,4.977870715251088,0.0002,0.5163938980549574,21.301568514718046
1,0,201,2.6959118843078613,1.2461390987038612,14.819025831018745,18,48.526413917541504,2.5373324194887275,0.0002,0.5137853529304266,35.03408553267465
1,0,202,0.8459581136703491,1.2077392414212227,2.3302093508006188,10,8.459581136703491,4.3143629752958015,0.0002,0.5114823821932077,19.551015534729782
1,0,203,0.3961470127105713,1.1875383868813514,1.486087775284956,4,1.5845880508422852,1.5334396962953982,0.0002,0.48596324026584625,8.231075251312834
1,0,204,1.2834330797195435,1.1895454064011575,3.6090084958085407,6,7.700598478317261,4.602301223785537,0.0002,0.5078033078461885,11.815598495111368
1,0,205,1.3041749000549316,1.2398415520787238,3.6846476365619814,13,16.95427370071411,3.15836749685478,0.0002,0.5087349694222212,25.553580511212584
1,0,206,2.1410324573516846,1.2956099167466164,8.50821746737573,20,42.82064914703369,3.1774669177809614,0.0002,0.5040541123598814,39.678279592569865
1,0,207,1.901180624961853,1.3491017058491708,6.69379263763601,24,45.62833499908447,3.387309115108769,0.0002,0.5070872511714697,47.32913309209678
1,0,208,0.8032256960868835,1.2768462225794792,2.232731438121252,5,4.016128480434418,3.728366880844886,0.0002,0.511437900364399,9.77635798292912
1,0,209,1.3532230854034424,1.30956838876009,3.869878400170423,4,5.4128923416137695,8.644191682263024,0.0002,0.5096238031983376,7.84892694355421
1,0,210,1.5993181467056274,1.341359557211399,4.949656334049371,215,343.8534015417099,0.39498353986479867,0.0002,0.48673636838793755,441.71755792992474
1,0,211,0.43386510014533997,1.2738122075796128,1.543210675178413,8,3.4709208011627197,2.5748207652083117,0.0002,0.5091682430356741,15.711898983141202
1,0,212,2.2344472408294678,1.355097049474716,9.341316926252217,110,245.78919649124146,1.3692819789418587,0.0002,0.5086688995361328,216.25068900479584
1,0,213,0.4729907512664795,1.296769028902054,1.6047865406645507,54,25.541500568389893,0.612196124388639,0.0002,0.5107955690473318,105.71744015069207
1,0,214,0.5183083415031433,1.2601450473070144,1.6791846387131597,9,4.66477507352829,1.2012054988962273,0.0002,0.5090715643018484,17.679243216703316
1,0,215,0.640921413898468,1.2545207023620606,1.8982291284521637,6,3.845528483390808,2.713977457052125,0.0002,0.5099455360323191,11.765962394108957
1,0,216,0.8064531683921814,1.2801960572600364,2.2399491582335136,17,13.709703862667084,1.8502586356658077,0.0002,0.5125889088958502,33.16497822127893
1,0,217,2.1102631092071533,1.2542176827788354,8.25041175837476,11,23.212894201278687,4.037526797698651,0.0002,0.522535003721714,21.051221299345258
1,0,218,1.102492332458496,1.2768017187714578,3.01166274271576,4,4.409969329833984,5.9662877523908415,0.0002,0.5088829658925533,7.8603534959835315
1,0,219,3.141228199005127,1.376197673380375,23.13226043792627,10,31.41228199005127,5.069932025677621,0.0002,0.509885348379612,19.612252110752856
1,0,220,2.6867122650146484,1.4235643461346625,14.683321605768047,27,72.54123115539551,3.1168995027594204,0.0002,0.5017804242670536,53.80839645037702
1,0,221,1.4084283113479614,1.3591901674866675,4.089522893719239,4,5.633713245391846,6.695485255214488,0.0002,0.5065493695437908,7.896564955953821
1,0,222,1.974025845527649,1.4155935540795326,7.199602711401995,74,146.07791256904602,0.8344083577509585,0.0002,0.5106896497309208,144.9020947242423
1,0,223,3.6030335426330566,1.575937880575657,36.70942531401189,10,36.030335426330566,4.903769075395089,0.0002,0.5171052236109972,19.338423870811063
1,0,224,0.8316754102706909,1.5533499971032143,2.2971642105062395,5,4.158377051353455,1.7476435710311717,0.0002,0.5167441722005606,9.675967856023313
1,0,225,2.520869255065918,1.6141847148537636,12.439404981101422,11,27.729561805725098,3.4401015390889804,0.0002,0.5100929960608482,21.564695231941247
1,0,226,0.48178917169570923,1.531222550570965,1.618968424951247,23,11.081150949001312,1.3130402673002988,0.0002,0.5099621061235666,45.101390326494126
1,0,227,2.16511607170105,1.5444193229079246,8.71561349422632,50,108.25580358505249,1.3835916137072843,0.0002,0.5120730996131897,97.64230934561697
1,0,228,1.5167449712753296,1.580095286667347,4.557366666384369,12,18.200939655303955,2.451616501448848,0.0002,0.5102651510387659,23.51718508616775
1,0,229,0.12001010775566101,1.5184346377849578,1.1275082480996566,255,30.602577477693558,0.234185589939782,0.0002,0.5123890209943056,497.66874298977984
1,0,230,1.5893070697784424,1.5179340839385986,4.900352149496522,26,41.3219838142395,3.3724047257306395,0.0002,0.5112173147499561,50.85899724017951
1,0,231,2.4462814331054688,1.6185549005866051,11.545334697853542,15,36.69422149658203,4.313258434919219,0.0002,0.5067828688770533,29.59847485223309
1,0,232,0.42071476578712463,1.527868276834488,1.5230497905381226,24,10.097154378890991,1.572842700621299,0.0002,0.5075820069760084,47.2829999293777
1,0,233,0.5461891889572144,1.5315281987190246,1.7266604875488463,4,2.1847567558288574,1.4918608767168227,0.0002,0.5111060198396444,7.826164914385021
1,0,234,0.4201532304286957,1.5266204431653023,1.5221947843086694,4,1.6806129217147827,2.835217887824825,0.0002,0.5098107848316431,7.846048218303064
1,0,235,1.5843337774276733,1.5737910613417625,4.876041767061853,8,12.674670219421387,6.077543149565175,0.0002,0.5109197236597538,15.658037123122668
1,0,236,1.000624418258667,1.583499623835087,2.7199797033017976,15,15.009366273880005,1.7576114456279088,0.0002,0.5093578174710274,29.448846146065502
1,0,237,0.8344932794570923,1.5197111323475838,2.3036464475097964,5,4.172466397285461,2.5803620293153067,0.0002,0.5088199116289616,9.826659463842029
1,0,238,2.2604823112487793,1.5776106312870979,9.587712313275725,10,22.604823112487793,3.8219715928069884,0.0002,0.5193944163620472,19.25319118761846
1,0,239,0.9490616917610168,1.4680023059248923,2.583284604541252,5,4.745308458805084,3.7190623518705324,0.0002,0.5189903602004051,9.634090309633649
1,0,240,0.7880747318267822,1.3730704292654992,2.199158378242046,4,3.152298927307129,1.7035717141670412,0.0002,0.5165338050574064,7.743926846289274
1,0,241,1.2270121574401855,1.3639996215701102,3.4110226968820543,4,4.908048629760742,9.644325751836076,0.0002,0.5194407422095537,7.700589643748647
1,0,242,2.18110728263855,1.3743536934256553,8.856107045175426,5,10.905536413192749,4.56687584640337,0.0002,0.5054311733692884,9.892543759557146
1,0,243,2.7438559532165527,1.3313948139548302,15.546817467614947,5,13.719279766082764,4.706682781681269,0.0002,0.5137564390897751,9.732238118238529
1,0,244,0.31583473086357117,1.3056027799844743,1.3714035862094411,8,2.5266778469085693,1.238136150627309,0.0002,0.4877518881112337,16.40178171524693
1,0,245,0.3899645507335663,1.1990575447678566,1.476928436924976,25,9.749113768339157,1.1507437241846965,0.0002,0.5131424702703953,48.71941312288281
1,0,246,0.3145799934864044,1.1906970858573913,1.3696839139647805,11,3.4603799283504486,1.4441706932894829,0.0002,0.5074852854013443,21.675505313027273
1,0,247,0.4525474011898041,1.1050686523318292,1.5723123987282523,5,2.2627370059490204,1.2493757827053498,0.0002,0.510794410482049,9.788674068068559
1,0,248,1.112131118774414,1.0848379597067832,3.0408318679988513,75,83.40983390808105,1.257072353711965,0.0002,0.5102282389998436,146.99304010890503
1,0,249,0.5121826529502869,1.1044465869665145,1.6689299172750705,268,137.26495099067688,0.42068819322366596,0.0002,0.5093679279088974,526.1422742107409
1,0,250,0.32975518703460693,1.0414689928293228,1.390627643110799,4,1.3190207481384277,1.1147577483086606,0.0002,0.5104407351464033,7.836365173427489
1,0,251,1.1554850339889526,0.976929172873497,3.1755633001843573,22,25.420670747756958,1.5507551081551014,0.0002,0.5109233483672142,43.059296605462656
1,0,252,0.4192005693912506,0.9768534630537034,1.5207453391708325,5,2.096002846956253,1.9562249116520587,0.0002,0.5126028675585985,9.75413973748093
1,0,253,0.9819600582122803,0.9986420065164566,2.669683852804854,34,33.38664197921753,1.5346958396167534,0.0002,0.5118822734802961,66.42152260681627
1,0,254,1.6324785947799683,1.0592582747340202,5.116540846386431,60,97.9487156867981,1.099282938853454,0.0002,0.51099500246346,117.41797808343625
1,0,255,0.4500986933708191,1.0025465205311774,1.5684669751444822,5,2.2504934668540955,3.838827018272244,0.0002,0.5120968520641327,9.763778042857062
1,0,256,0.3191635310649872,0.9684734761714935,1.375976321381814,65,20.745629519224167,1.4220330714868645,0.0002,0.5108131282031536,127.24809996298507
1,0,257,2.931739568710327,1.0733357906341552,18.760236848976103,23,67.43001008033752,3.398511616927368,0.0002,0.5100815072655678,45.0908328813915
1,0,258,0.705473005771637,0.9955853253602982,2.0248042025230477,4,2.821892023086548,2.6193345419339105,0.0002,0.5100226812064648,7.842788462932574
1,0,259,0.32428574562072754,0.9643465280532837,1.3830424489848399,10,3.2428574562072754,1.4660876656762198,0.0002,0.5056093279272318,19.77811612178013
1,0,260,0.3755888342857361,0.9437222331762314,1.4558484157396399,108,40.5635941028595,0.5162623768638261,0.0002,0.5111949145793915,211.26970734609486
1,0,261,0.3709462285041809,0.9009189367294311,1.4491051507401003,4,1.4837849140167236,1.8192864790463026,0.0002,0.5102925319224596,7.838641073053782
1,0,262,2.03279185295105,0.8935031652450561,7.6353734696651925,5,10.163959264755249,4.274883943108468,0.0002,0.5110907536000013,9.782998351625798
1,0,263,1.694517970085144,0.8410362660884857,5.444021151592103,12,20.33421564102173,2.4345244696131556,0.0002,0.5088149420917034,23.584213055278646
1,0,264,1.704372763633728,0.9104631677269935,5.497936080022497,5,8.52186381816864,7.568619031248371,0.0002,0.508913679048419,9.824848900405152
1,0,265,0.5394521951675415,0.9179375499486924,1.715067082764577,25,13.486304879188538,1.7221724266769385,0.0002,0.5095009095966816,49.067625845437405
1,0,266,0.6008172035217285,0.9322494104504585,1.823608450882108,67,40.25475263595581,0.9909835548842724,0.0002,0.5099266562610865,131.3914445878575
1,0,267,0.9716717600822449,0.9582056283950806,2.642358157895054,8,7.773374080657959,2.838235236415474,0.0002,0.5092625562101603,15.708989208895607
1,0,268,2.015070915222168,1.0033526182174684,7.501259315812528,11,22.165780067443848,3.6273765769476873,0.0002,0.5096987932920456,21.581373440092207
1,0,269,0.3998420536518097,0.9977355882525444,1.4915890879854699,4,1.5993682146072388,2.415012682790049,0.0002,0.5106826797127724,7.832652562741611
1,0,270,0.47667452692985535,1.005081555247307,1.6107091162903968,12,5.720094323158264,2.42512103875801,0.0002,0.509666919708252,23.544788833595764
1,0,271,0.7084032297134399,0.9827274650335311,2.03074603347091,5,3.5420161485671997,4.290127857238727,0.0002,0.5088571049273014,9.825941215293303
1,0,272,1.0754263401031494,1.015538753569126,2.9312423403333634,5,5.377131700515747,3.819034817575737,0.0002,0.5096514672040939,9.81062612736031
1,0,273,0.6119846105575562,0.9970399811863899,1.844087565199315,18,11.01572299003601,1.7640932807809466,0.0002,0.5082519240677357,35.41550783701727
1,0,274,0.6388874650001526,0.9473604246973991,1.8943721511846066,115,73.47205847501755,0.8608721576225558,0.0002,0.5093466453254223,225.77943931784677
1,0,275,1.9595381021499634,1.0228323951363563,7.096048658451322,7,13.716766715049744,3.9462865647379552,0.0002,0.5098571367561817,13.729336112730463
1,0,276,2.8696978092193604,1.150359109044075,17.63168926075804,11,31.566675901412964,5.307091110822064,0.0002,0.5100892893970013,21.564851936027864
1,0,277,1.564211130142212,1.0819826871156693,4.778903515574233,9,14.077900171279907,17.042862780845784,0.0002,0.5097706466913223,17.654998494744056
1,0,278,0.42945596575737,1.068181835114956,1.5364214302680395,7,3.00619176030159,2.319067013509567,0.0002,0.5092214252799749,13.74647580107481
1,0,279,1.2302039861679077,1.113477747142315,3.421927490976445,14,17.222855806350708,2.0596552380680198,0.0002,0.5103133451193571,27.434124805663355
1,0,280,1.0255447626113892,1.1459755435585977,2.788614179600254,15,15.383171439170837,1.750432651830442,0.0002,0.5090870056301355,29.46451163378913
1,0,281,0.6141098737716675,1.158133725821972,1.84801090425259,8,4.91287899017334,2.0936352541992918,0.0002,0.5124685205519199,15.610714959397184
1,0,282,1.6555156707763672,1.1392699167132379,5.235779164464698,12,19.866188049316406,3.695137988692596,0.0002,0.5076183881610632,23.63980557022788
1,0,283,2.1491363048553467,1.162000833451748,8.577446897761474,78,167.63263177871704,1.084624568092609,0.0002,0.5146615598350763,151.5559079737666
1,0,284,2.6976959705352783,1.2116669937968254,14.84548784914968,20,53.953919410705566,3.1294916694262267,0.0002,0.5055420473217964,39.561496627142574
1,0,285,1.4166207313537598,1.2555254206061364,4.123163594109846,25,35.415518283843994,2.0000681882232647,0.0002,0.5060749761760235,49.39979484641516
1,0,286,1.2160977125167847,1.2862894460558891,3.373995709600737,59,71.7497650384903,1.2865364388462897,0.0002,0.5096699427813292,115.76119179802917
1,0,287,1.1321989297866821,1.294315804541111,3.1024711211028086,5,5.660994648933411,4.70604023757761,0.0002,0.5055951178073883,9.889336000085352
1,0,288,0.3501030504703522,1.2110674113035202,1.4192137917066827,4,1.4004122018814087,1.9310593321123133,0.0002,0.5079805161803961,7.874317759422694
1,0,289,2.3819408416748047,1.3101723507046699,10.825893833186575,4,9.527763366699219,6.934396498017257,0.0002,0.5138313863426447,7.784654862115857
1,0,290,2.8186862468719482,1.4272729367017747,16.754824503732316,12,33.82423496246338,3.6603200067424617,0.0002,0.4989271033555269,24.051609782860414
1,0,291,0.8830558657646179,1.4360055685043336,2.4182783606383733,6,5.2983351945877075,3.8675042934663906,0.0002,0.5099625457078218,11.765569943322156
1,0,292,1.9064183235168457,1.4775551676750183,6.728944683208835,430,819.7598791122437,0.4871640922638422,0.0002,0.5108718816190958,841.6983112032117
1,0,293,1.2875266075134277,1.5113322675228118,3.6238123517200047,13,16.73784589767456,2.418031241878895,0.0002,0.5067814253270626,25.65208460750147
1,0,294,0.5973711013793945,1.509256449341774,1.8173349257055191,5,2.9868555068969727,3.3372472805328206,0.0002,0.48512413538992405,10.306640373563754
1,0,295,0.48115137219429016,1.4353371128439902,1.6179361769156333,28,13.472238421440125,1.475032562661622,0.0002,0.510002851486206,54.90165382096361
1,0,296,0.299655020236969,1.3068349733948708,1.3493932139192524,98,29.36619198322296,0.6650429030636704,0.0002,0.5010936688631773,195.57221751041266
1,0,297,0.18619607388973236,1.2379342205822468,1.2046584392886044,143,26.626038566231728,0.40463520782960527,0.0002,0.5091528799384832,280.8586686522867
1,0,298,0.2959383726119995,1.2312583409249782,1.3443873032010951,8,2.367506980895996,1.1764664246855259,0.0002,0.5199998952448368,15.384618483881193
1,0,299,1.0005184412002563,1.2197740636765957,2.7196914631275977,5,5.002592206001282,4.0057589687787765,0.0002,0.5115364082157612,9.774475325109307
1,1,0,3.801938056945801,3.801938056945801,44.78790193892447,8,30.415504455566406,2.7368145895548963,0.0002,0.49103751964867115,16.29203407047971
1,1,1,6.077743053436279,4.93984055519104,436.0439554135761,4,24.310972213745117,3.1532827315144134,0.0002,0.5092001371085644,7.855457429201707
1,1,2,5.016807556152344,4.965496222178142,150.9287024575009,4,20.067230224609375,4.81163337682935,0.0002,0.5051936376839876,7.917756087225526
1,1,3,1.2521347999572754,4.037155866622925,3.4978021005146025,19,23.790561199188232,1.4603691212886978,0.0002,0.5093292444944382,37.30396439116599
1,1,4,0.15766039490699768,3.261256772279739,1.1707685282317968,100,15.766039490699768,0.26157255426919523,0.0002,0.5161449443548918,193.74402693217476
1,1,5,3.1082725524902344,3.2357594023148217,22.38234665721336,4,12.433090209960938,5.928605942743611,0.0002,0.5121168829500675,7.8107169147751145
1,1,6,1.7913254499435425,3.0294116948332106,5.997396449329394,6,10.747952699661255,6.17200472652491,0.0002,0.512260764837265,11.712784604743407
1,1,7,3.286423921585083,3.0615382231771946,26.747042903961148,4,13.145695686340332,12.835427830389023,0.0002,0.5116087254136801,7.818474942478068
1,1,8,2.27881121635437,2.974568555752436,9.765064957247281,16,36.46097946166992,3.5264036915077304,0.0002,0.49542718566954136,32.295361382676084
1,1,9,1.7800530195236206,2.8551170021295547,5.930170825088366,14,24.92074227333069,3.7972886570764595,0.0002,0.49581094831228256,28.236568893154438
1,1,10,3.5572822093963623,2.9189502027901737,35.06776068521295,11,39.130104303359985,6.348566149490518,0.0002,0.511241652071476,21.51624374780423
1,1,11,0.7542843818664551,2.7385613843798637,2.1260895106229545,10,7.542843818664551,3.045134381698227,0.0002,0.5118128973990679,19.53839000700847
1,1,12,0.5530346632003784,2.570443944289134,1.7385208460170802,4,2.2121386528015137,5.739073943549879,0.0002,0.498043542727828,8.031426284721313
1,1,13,0.6762722134590149,2.4351459635155543,1.9665332352503508,12,8.115266561508179,4.190596908766286,0.0002,0.511624189093709,23.454715894603808
1,1,14,0.7958506941795349,2.3258596122264863,2.2163256103722206,40,31.834027767181396,1.3885353823207893,0.0002,0.511054364964366,78.26955944851203
1,1,15,1.3941041231155396,2.267624894157052,4.031361350925762,6,8.364624738693237,12.448520047508714,0.0002,0.5119730364531279,11.719367179113762
1,1,16,2.0680243968963623,2.255883688435835,7.909182267845186,4,8.27209758758545,8.93454449742226,0.0002,0.5127020478248596,7.801802268920156
1,1,17,3.7176103591918945,2.3370907257000604,41.16590475248705,82,304.84404945373535,1.4981755129041103,0.0002,0.5121403932571411,160.1123463011607
1,1,18,0.4863394796848297,2.239682765383469,1.6263520159760978,5,2.4316973984241486,4.803424360694796,0.0002,0.5197351723909378,9.620284070824953
1,1,19,1.5979937314987183,2.207598313689232,4.943105273051573,13,20.773918509483337,5.39668702119678,0.0002,0.5133478175848722,25.32396078191313
1,1,20,0.7730655074119568,2.0561546862125395,2.166397191645806,5,3.865327537059784,8.24693156146205,0.0002,0.48714896850287914,10.263800856165519
1,1,21,0.5515477061271667,1.779844918847084,1.7359376611666224,4,2.206190824508667,5.859979619828945,0.0002,0.5129118673503399,7.798610745085053
1,1,22,2.6805830001831055,1.663033691048622,14.5935988870826,6,16.083498001098633,19.96800921726409,0.0002,0.510218907147646,11.759658287739098
1,1,23,0.5090634822845459,1.6258801251649857,1.6637323502971784,4,2.0362539291381836,3.761450699479426,0.0002,0.5122440923005342,7.808777221881936
1,1,24,0.8525604009628296,1.6606251254677773,2.345644961484294,99,84.40347969532013,1.156666375258899,0.0002,0.5086538046598434,194.6313958394652
1,1,25,0.3299762010574341,1.5217103078961371,1.3909350252870918,6,1.9798572063446045,5.210379662196149,0.0002,0.5085279047489166,11.798762553576038
1,1,26,1.4035507440567017,1.502321572601795,4.069624537850418,10,14.035507440567017,2.469123409381864,0.0002,0.5122963339090347,19.51995229732727
1,1,27,0.28567075729370117,1.352283914387226,1.33065427490779,8,2.2853660583496094,3.160410585659046,0.0002,0.5092710107564926,15.708728419700275
1,1,28,1.4670665264129639,1.3116966798901557,4.336495469533282,26,38.14372968673706,3.5009553455506013,0.0002,0.5106301251798868,50.91748159363026
1,1,29,1.1447663307189941,1.2799323454499245,3.1417071506107725,4,4.579065322875977,18.87997413210627,0.0002,0.5104327667504549,7.836487507385193
1,1,30,1.9408458471298218,1.1991105273365974,6.9646395002197705,21,40.75776278972626,4.455565164031245,0.0002,0.510153952986002,41.16404445576494
1,1,31,0.22430281341075897,1.1726114489138126,1.2514499178757275,94,21.084464460611343,0.8584987542061886,0.0002,0.5104926954954863,184.13583745554521
1,1,32,0.7122892141342163,1.1805741764605044,2.0386528338210566,8,5.6983137130737305,4.850742323291054,0.0002,0.5085690356791019,15.73041109220786
1,1,33,2.6012661457061768,1.2768238730728627,13.480795885687176,8,20.810129165649414,8.551172632512202,0.0002,0.5122864563018084,15.616262935686281
1,1,34,0.9993591904640198,1.2869992978870868,2.7165404855360507,6,5.996155142784119,2.5190682189642675,0.0002,0.5108307730406523,11.745572734950555
1,1,35,1.518329381942749,1.2932105608284474,4.564593130077261,18,27.329928874969482,4.784213013281815,0.0002,0.5118060074746609,35.169575458512305
1,1,36,1.6241302490234375,1.271015853434801,5.074003997533941,19,30.858474731445312,6.90029072193599,0.0002,0.5109427906572819,37.18615928714487
1,1,37,0.922464907169342,1.1312585808336735,2.5154831870078636,11,10.147113978862762,4.927074030956129,0.0002,0.48649278096854687,22.610818557472452
1,1,38,0.42316874861717224,1.1281000442802906,1.5267919182540581,10,4.231687486171722,3.475433751407997,0.0002,0.5103312395513058,19.595116318554624
1,1,39,1.4455957412719727,1.1204801447689534,4.244379942093935,7,10.119170188903809,7.307468956609677,0.0002,0.5092176515609026,13.746577673697939
1,1,40,2.4740915298461914,1.205531445890665,11.870917838419915,15,37.11137294769287,4.686944721535982,0.0002,0.5082175172865391,29.514921248853415
1,1,41,1.8437188863754272,1.270140004903078,6.319997966329626,69,127.21660315990448,1.368630793803633,0.0002,0.5114968344569206,134.8981955543487
1,1,42,1.785084843635559,1.2253650970757008,5.960085601462199,15,26.776272654533386,4.149812042309378,0.0002,0.5142601076513529,29.168118967083835
1,1,43,2.633119821548462,1.3315679140388965,13.917121177387799,7,18.431838750839233,7.440394890684882,0.0002,0.5101616196334362,13.721141949152651
1,1,44,1.2063223123550415,1.3492560096085071,3.341174234286621,12,14.475867748260498,2.1886570268735537,0.0002,0.510722329840064,23.496133415113995
1,1,45,2.627675771713257,1.4641409881412983,13.841561537974359,11,28.904433488845825,5.912313260252165,0.0002,0.5089998226612806,21.61100949404469
1,1,46,0.7809436917304993,1.433010635524988,2.183531874500608,62,48.418508887290955,0.9167148622643907,0.0002,0.5096901580691338,121.64252932580737
1,1,47,3.277710437774658,1.582612619549036,26.51499541782565,127,416.2692255973816,0.685738392829799,0.0002,0.5103439521044493,248.85177824936312
1,1,48,3.7379236221313477,1.6961554743349552,42.0106695166069,16,59.80677795410156,3.9013755587693892,0.0002,0.5070157404989004,31.55720566832126
