round,client_id,steps,mean_loss,token_weighted_mean_loss,min_loss,max_loss,final_loss,final_moving_avg_loss,perplexity,supervised_tokens,mean_step_time,train_time
1,0,300,1.2525648284703492,1.1907533162408048,0.11943591386079788,4.937089443206787,0.9712227582931519,1.2191767297685145,3.28955835196096,6934,0.5100871964606146,153.16925690881908
1,1,300,1.2716529032339652,1.3850337492211326,0.07871555536985397,6.073406219482422,2.5967018604278564,1.2335342794656754,3.9949607293545797,6097,0.5078873275903364,152.50409285724163
2,0,300,1.1105507508913677,1.1332419489847292,0.040839336812496185,3.5394437313079834,0.21247921884059906,0.8082408420741558,3.1057087462025583,6562,0.5081291621116301,152.58391045592725
2,1,300,1.0845048757518332,1.2717795177718045,0.0496489591896534,3.97979736328125,0.9074055552482605,1.0575734749436378,3.567194804165359,6841,0.5093557655562957,152.95142746716738
3,0,300,1.0452833327154318,1.1832453405177672,0.0410543754696846,3.8767175674438477,0.647120475769043,1.3851726055145264,3.2649529118218608,6549,0.5064640145314236,152.08091754838824
3,1,300,1.0596055162201325,1.2039409682205686,0.0732145830988884,4.246682643890381,0.6157774925231934,1.3037438616156578,3.33322721467132,6424,0.5091125518518189,152.87327698245645
4,0,300,0.946227329019457,1.058382051766147,0.02999178133904934,3.7534050941467285,0.5951183438301086,0.8424623630940914,2.8817047662951563,6458,0.5061009439267218,151.97424474917352
4,1,300,0.9982971913243334,0.9931665812884103,0.04174778237938881,3.950693130493164,0.5504663586616516,1.1679545424878597,2.699769992148464,6131,0.5065105401103696,152.09270398318768
5,0,300,0.9649878491957983,1.0417533087270565,0.04188406839966774,4.404752254486084,0.40349820256233215,0.9999453471973538,2.8341818564121506,5457,0.5078460351750255,152.49492162279785
5,1,300,1.0189973752014339,1.1323417436838943,0.030388304963707924,3.8032548427581787,1.5368826389312744,1.1643235303461552,3.102914228734812,6020,0.5096882158890367,153.04863594472408
6,0,300,0.9662197891126076,1.2083524412594324,0.043386440724134445,5.416496276855469,0.25016531348228455,0.9310986824333668,3.3479641385326806,6107,0.5083171846345067,152.6361679919064
6,1,300,0.9567604243258635,1.1804761845978353,0.017791759222745895,3.6542515754699707,0.8609517216682434,0.9927222520112992,3.2559242547868092,6708,0.5079275520145893,152.51754123531282
7,0,300,0.9428824174031615,1.0385586487130543,0.039557039737701416,3.954305648803711,1.1300655603408813,0.9293646961450577,2.8251420561954412,6144,0.5082598463259638,152.6171798799187
7,1,300,0.8504904776935777,1.0331993005756201,0.0391053631901741,3.5528595447540283,0.5030955672264099,0.8224794261157513,2.8100416367246734,6341,0.5080109213106334,152.54278448969126
8,0,300,0.8817707797791808,1.0886470979643297,0.007629363797605038,4.577817440032959,2.0780863761901855,0.9629302037879824,2.9702528918607776,6731,0.5056516858066121,151.83473840914667
8,1,300,0.8947142716124654,1.2769611518789523,0.009127050638198853,3.60844087600708,1.0880757570266724,0.8224372763186694,3.585726673648947,7168,0.5095409432488183,153.00477348826826
9,0,300,0.7706702549709007,0.8167590007688542,0.006097790319472551,2.95450758934021,1.2838406562805176,0.6580267418175936,2.263153061183819,5987,0.5050843762668471,151.66542000696063
9,1,300,0.901642344892025,1.2150393608454826,0.04512857645750046,3.4624295234680176,1.4143177270889282,1.1447193544358014,3.370426724556296,7040,0.5093606822565198,152.95338828861713
10,0,300,0.8420842529212436,1.0676600753879208,0.04133324697613716,3.4470221996307373,0.5378173589706421,1.039999646693468,2.9085657067216526,6303,0.5088491140988965,152.80368009209633
10,1,300,0.9011446977127343,1.1675473873932138,0.008670863695442677,3.6671745777130127,1.4607834815979004,0.872491929680109,3.2141000214866784,6514,0.5087419233533244,152.76363377645612
11,0,300,0.8595848133399462,1.117627442537697,0.003957189153879881,3.449955940246582,0.9206575155258179,0.7794172983616591,3.05759127984066,6176,0.5069377262083192,152.22232661396265
11,1,300,0.8806524545140565,1.2030393580696472,0.029304808005690575,4.14696741104126,0.5220636129379272,0.7344446532428265,3.330223297563814,6651,0.5038146297074855,151.280436322093
12,0,300,0.8760525124124251,1.0628513218696987,0.002396541414782405,4.140402317047119,1.9989153146743774,1.1289596676826477,2.8946127063039486,6782,0.5099168291004995,153.11945283785462
12,1,300,0.8248300064060217,1.1151638173143925,0.006156024988740683,4.684619426727295,0.05520164966583252,0.7073611382395029,3.0500677921733654,6648,0.5078160804013411,152.48462574742734
13,0,300,0.7782917500271772,0.982921286094255,0.0033506136387586594,3.3075695037841797,0.06423385441303253,1.1076480001211166,2.6722512610947624,6339,0.5085153752751649,152.70334190130234
13,1,300,0.8291819208301604,0.952427474429877,0.001977674663066864,3.3344311714172363,0.3943159878253937,0.809314388036728,2.591994027882968,7075,0.5102292919221024,153.21464337594807
14,0,300,0.849363765483722,1.1293543545799354,0.008857128210365772,3.7810680866241455,1.694258689880371,1.1659408807754517,3.093658448769075,8151,0.5087188280249635,152.76550346054137
14,1,300,0.8176181538030505,1.1930172437636293,0.006753730587661266,3.9767487049102783,0.528205394744873,0.9939943213015795,3.2970141101154877,6465,0.509316642365108,152.94406898878515
15,0,300,0.7565360256843269,1.1083435402584223,0.010978225618600845,4.057113170623779,0.3254815936088562,0.6891265340149403,3.0293362625417593,7676,0.5082836265924077,152.63213932700455
15,1,300,0.8540958222343276,1.2307662777492372,0.007827447727322578,4.058314323425293,0.33736804127693176,0.8641180112957955,3.4238521530564725,7768,0.5054422949564954,151.77150559984148
16,0,300,0.6993110544607043,0.8542064319951715,0.015501054003834724,3.6909048557281494,0.5201694965362549,0.5501656861044466,2.349509145292511,5972,0.5063693671859801,152.0543260909617
16,1,300,0.7984697075925457,1.127289176158594,0.0030300819780677557,3.273252487182617,1.6099393367767334,1.059300712950062,3.0872760847263034,6972,0.5078174140180151,152.48840172216296
17,0,300,0.7280841921207806,0.8540701507833162,0.005238121375441551,3.0390191078186035,0.5662222504615784,0.6856046913191676,2.3491889731561444,6511,0.507776466589421,152.48173673450947
17,1,300,0.8015115653024987,0.9385315353295062,0.006210952531546354,3.9236505031585693,0.28095975518226624,0.9404527805745602,2.5562249348659964,5819,0.5088291675162812,152.7925101928413
18,0,300,0.7678506158757955,0.9967676483562533,0.0035292990505695343,3.558330535888672,1.0825114250183105,0.6808805609121918,2.7095095708710577,4487,0.5062827932462096,152.02808539383113
18,1,300,0.7605515082164978,0.9352736805221851,0.004696776159107685,2.8227527141571045,1.7600460052490234,0.8712732423096895,2.547910675851395,6653,0.5085806988800565,152.71562889777124
19,0,300,0.7362242102452243,0.9168349887086213,0.001960261259227991,4.320328235626221,0.5052832961082458,0.6324939944315702,2.501361012422726,6011,0.5079549525491893,152.52874044142663
19,1,300,0.7191366990810881,1.1445050151631828,0.00808745063841343,3.539154052734375,0.00808745063841343,0.6280273980461061,3.1408862809181954,7107,0.5081843714726468,152.5945289582014
20,0,300,0.7978325878324297,0.9786857973619567,0.0022653392516076565,3.831782102584839,1.0663514137268066,0.8666383036412298,2.660956906428946,6409,0.5053303542671105,151.73922600783408
20,1,300,0.8166177847791308,0.9899820032431028,0.0005357571644708514,4.173092842102051,3.9365227222442627,1.0097884576767684,2.69118603929253,6760,0.5082284890425702,152.61289878562093
